Basics||||||||||||||||TitleSimpleForm||||||||TitleProgressive|||||||||||TitlePoliteness|||||TitleRequest|||||TitleImperative|||||TitleDesire|||||||||TitleProvisional||||||||||TitleVolitional|||||TitleObligation|||||||||||TitlePresumptive||||||||TitleAlternative||||TitleCausativeA|||||TitleCausativePv|||||TitlePassive||||||TitlePotential||||||TitleContinuative|||||||TitleCompulsion|||TitleGerund|||||||TitleteformCmp||||||||||||||TitleteformConj||||TitleSFConj||||TitlemasuCmp||||||||||||TitleStemMisc|||||||||TitleArch||||
Basics1|Basics2|Basics3|Basics4|Basics5|Basics6|Basics7|Basics8|Basics9|Basics10|Basics11|Basics12|Basics13|Basics14|Basics15|Basics16|PPr|PPs|PPrN|PPsN|PlPr|PlPs|PlPrN|PlPsN|PPr|PPrA|ClPr|ClPrA|PPrN|ClPrN|PlPr|PlPrN|PPs|PlPs|PlPsN|LPl|Hn1|Hn2|Hm1|Hm2|Pl1|Pl2|PlN|Hn|HnN|PPrV|PPrL|PPrN|PlPr|PlPrN|PPr|PPs|PPrN|PPsN|PlPr|PlPs|PlPrN|PlPsN|Pr3rdPO|Pba|ClN|PNba|Plba|PlNba|Ptara|PNtara|Pltara|PlNtara|IIWTS|P|PN|PPg|Pl|PlN|ClPr|PPr1|PPr2|PPrN1|PPrN2|PPrN3|PlPr1|PlPr2|PlPrN1|PlPrN2|PlPrN3|PPr|PPs|PPrN|PPsN|PlPr|PlPs|PlPrN|PlPsN|A|N|APg|NPg|PPr|ClPr|PPrN|PlPr|PlPrN|PPr|ClPr|PPrN|PlPr|PlPrN|PPr|PPrN|PPrN|PlPr|PlPrN|PvPg|PPr|ClPr|PPrN|PPrN|PlPr|PlPrN|PPrL|PPr|PlPrN1|PlPrN2|PlPr|PlPrN1|PlPrN2|ClPr|PPr|PlPr|A|N|Ps|teform|APg|NPg|PsPg|teformCmp1|teformCmp2|teformCmp3|teformCmp4|teformCmp5|teformCmp6|teformCmp7|teformCmp8|teformCmp9|teformCmp10|teformCmp11|teformCmp12|teformCmp13|teformCmp14|teformConj1|teformConj2|teformConj3|teformConj4|SFConj1|SFConj2|SFConj3|SFConj4|masuCmp1|masuCmp2|masuCmp3|masuCmp4|masuCmp5|masuCmp6|masuCmp7|masuCmp8|masuCmp9|masuCmp10|masuCmp11|masuCmp12|StemMisc1|StemMisc2|StemMisc3|StemMisc4|StemMisc5|StemMisc6|StemMisc7|StemMisc8|StemMisc9|Arch1|Arch2|Arch3|Arch4|
Family|English|T/I|Prep|Kana|Kanji|u-stem|Root Kanji|Root|i-stem|a-stem|o-stem|e-stem|te-stem|ta-stem|masu-stem|u|ta|nai|nakatta|masu|mashita|masen|masen deshita|teiru|teite|teru|tete|teinai|tenai|teimasu|teimasen|teita|teimashita|teimasen deshita|u|ni naru|nasaru|suru|itasu|kudasai|(o) kudasai|naide kudasai|(o) nasaimase|(o) nasaimasu na|e/ro|e/yo|u na|nasai|nasaru na|tai|takatta|takunai|takunakatta|tai desu|tai deshita|taku arimasen|taku arimasen deshita|tagaru|ba|nakya|nakereba|maseba/masureba|masen nara|tara|nakattara|mashitara|masen deshitara|tai|ou|mai|teyou|mashou|masu mai|nakya (ikenai)|nakereba ikenai|nakereba naranai|ikenai|naranai|dame|nakereba ikemasen|nakereba narimasen|ikemasen|narimasen|dame desu|darou|darou|nai darou|nakatta darou|deshou|nai darou|deshou|nai deshou|tari|nakattari|teitari|teinakattari|seru|su|senai|semasu|semasen|serareru|sareru|serarenai|seraremasu|seraremasen|reru|reta|renai|remasu|remasen|rete|eru|reru|eta|enai|emasu|emasen|i|te|naide|nakute|mashite|masende|masende|nakucha (ikenai)|nakute wa ikenai|nakute wa ikemasen|koto|nai koto|ta koto|te koto|teiru koto|teinai koto|teita koto|te ageru|kureru|morau|te iku|te oku|ttoku|shimau|chau/jau|shimatta|chatta/jatta|miru|suru|te aru|kuru|hoshii|mo ii|mo kamawanai|nakute mo ii|n da|n desu|no da|no desu|sugiru|sugi da|au|dasu|hajimeru|naosu|okureru|owaru|wasureru|yagaru|kaneru|ageru|ni|nagara|nasasou|tsuzuku|kata|nikui|yasui|sasu|yagare|nu|zu|zaru|zaru wo enai|
su godan|||||XXXす|su|||shi|sa|sou|se|shite|shita|shi|su|shita|sanai|sanakatta|shimasu|shimashita|shimasen|shimasen deshita|shiteiru|shiteite|shiteru|shitete|shiteinai|shitenai|shiteimasu|shiteimasen|shiteita|shiteimashita|shiteimasen deshita|*|(o)shi ni naru|(o)shi nasaru|(o)shi suru|(o)shi itasu|shite kudasai|(o)shi kudasai|sanaide kudasai|(o)shi nasaimase|(o)shi nasaimasu na|se|se|su na|shi nasai|shi nasaru na|shitai|shitakatta|shitakunai|shitakunakatta|shitai desu|shitai deshita|shitaku arimasen|shitaku arimasen deshita|shitagaru|seba|sa nakya|sanakereba|shimaseba|shimasen nara|shitara|sanakattara|shimashitara|shimasen deshitara|shitakereba|sou|su mai|shiteyou|shimashou|shimasu mai|sa nakya (ikenai)|sa nakereba ikenai|sa nakereba naranai|shite wa ikenai|shite wa naranai|shite wa dame da|sa nakereba ikemasen|sa nakereba narimasen|shite wa ikemasen|shite wa narimasen|shite wa dame desu|su darou|shita darou|sanai darou|sanakatta darou|su deshou|shita deshou|sanai deshou|sanakatta deshou|shitari|sanakattari|shiteitari|shiteinakattari|saseru|sasu|sasenai|sasemasu|sasemasen|saserareru|sasareru|saserarenai|saseraremasu|saseraremasen|sareru|sareta|sarenai|saremasu|saremasen|sarete|seru|reru|seta|senai|semasu|semasen|shi|shite|sanaide|sanakute|shimashite|shimasende|sazu ni|sa nakucha (ikenai)|sa nakute wa ikenai|sa nakute wa ikemasen|sukoto|sanaikoto|shitakoto|shitekoto|shiteiru koto|shiteinai koto|shiteita koto|shite ageru|shite kureru|shite morau|shite iku|shite oku|shittoku|shite shimau|shichau|shite shimatta|shichatta|shite miru|shite suru|shite aru|shite kuru|shite hoshii|shite mo ii|shite mo kamawanai|sanakute mo ii|su n da|su n desu|su no da|su no desu|shisugiru|shisugi da|shiau|shidasu|shihajimeru|shinaosu|shiokureru|shiowaru|shiwasureru|shiyagaru|shikaneru|shiageru|shi ni [verb]|shinagara|sanasasou|shitsuzuku|shikata|shinikui|shiyasui|shisasu|shiyagare|sanu|sazu|sazaru|sazaru wo enai|
su godan|to do|T|を|いたす|致す|itasu|致|ita|||||||||||||||||||||||||||suru|*|*|*|*||||||||||||||||||||||||||||||||||||||||||||||||||||||||||||||||||||||||||||||||||||||||||||||||||||||||||||||||||||||||||||||||||||||||||||||||
su godan|to say, to be called|T|と|もうす|申す|mousu|申|mou|||||||||||||||||||||||||||hanasu|*|*|*|*||||||||||||||||||||||||||||||||||||||||||||||||||||||||||||||||||||||||||||||||||||||||||||||||||||||||||||||||||||||||||||||||||||||||||||||||
|||||||||||||||||||||||||||||||||||||||||||||||||||||||||||||||||||||||||||||||||||||||||||||||||||||||||||||||||||||||||||||||||||||||||||||||||||||||||||||||||||||||||||||||||||||||
ku godan||||XXXく|XXXく|ku|||ki|ka|kou|ke|ite|ita|ki|ku|ita|kanai|kanakatta|kimasu|kimashita|kimasen|kimasen deshita|iteiru|iteite|iteru|itete|iteinai|itenai|iteimasu|iteimasen|iteita|iteimashita|iteimasen deshita|*|(o)ki ni naru|(o)ki nasaru|(o)ki suru|(o)ki itasu|ite kudasai|(o)ki kudasai|kanaide kudasai|(o)ki nasaimase|(o)ki nasaimasu na|ke|ke|ku na|ki nasai|ki nasaru na|kitai|kitakatta|kitakunai|kitakunakatta|kitai desu|kitai deshita|kitaku arimasen|kitaku arimasen deshita|kitagaru|keba|ka nakya|kanakereba|kimaseba|kimasen nara|itara|kanakattara|kimashitara|kimasen deshitara|kitakereba|kou|ku mai|iteyou|kimashou|kimasu mai|ka nakya (ikenai)|ka nakereba ikenai|ka nakereba naranai|ite wa ikenai|ite wa naranai|ite wa dame da|ka nakereba ikemasen|ka nakereba narimasen|ite wa ikemasen|ite wa narimasen|ite wa dame desu|ku darou|ita darou|kanai darou|kanakatta darou|ku deshou|ita deshou|kanai deshou|kanakatta deshou|itari|kanakattari|iteitari|iteinakattari|kaseru|kasu|kasenai|kasemasu|kasemasen|kaserareru|kasareru|kaserarenai|kaseraremasu|kaseraremasen|kareru|kareta|karenai|karemasu|karemasen|karete|keru|reru|keta|kenai|kemasu|kemasen|ki|ite|kanaide|kanakute|kimashite|kimasende|kazu ni|ka nakucha (ikenai)|ka nakute wa ikenai|ka nakute wa ikemasen|kukoto|kanaikoto|itakoto|itekoto|iteiru koto|iteinai koto|iteita koto|ite ageru|ite kureru|ite morau|ite iku|ite oku|kittoku|ite shimau|ichau|ite shimatta|ichatta|ite miru|ite suru|ite aru|ite kuru|ite hoshii|ite mo ii|ite mo kamawanai|kanakute mo ii|ku n da|ku n desu|ku no da|ku no desu|kisugiru|kisugi da|kiau|kidasu|kihajimeru|kinaosu|kiokureru|kiowaru|kiwasureru|kiyagaru|kikaneru|kiageru|ki ni [verb]|kinagara|kanasasou|kitsuzuku|kikata|kinikui|kiyasui|kisasu|kiyagare|kanu|kazu|kazaru|kazaru wo enai|
ku godan|to receive, to get, to accept, to take, to buy, to eat, to drink, to be crowned with|T||いただく|頂く|itadaku|頂|itada|||||||||||||||||||||||||||taberu, nomu, kuru, morau|*|*|*|*||||||||||||||||||||||||||||||||||||||||||||||||||||||||||||||||||||||||||||||||||||||||||||||||||||||||||||||||||||||||||||||||||||||||||||||||
ku godan|to hear, to listen, to ask, to enquire, to query|T|を|きく|聞く|kiku|聞|ki||||||||||||||||||||||||||||*|*|ukagau|*||||||||||||||||||||||||||||||||||||||||||||||||||||||||||||||||||||||||||||||||||||||||||||||||||||||||||||||||||||||||||||||||||||||||||||||||
ku godan|to listen, to be told, to obey, to follow, to ask, to enquire, to query|T|を/に|きく|聴く|kiku|聴|ki||||||||||||||||||||||||||||*|*|ukagau|*||||||||||||||||||||||||||||||||||||||||||||||||||||||||||||||||||||||||||||||||||||||||||||||||||||||||||||||||||||||||||||||||||||||||||||||||
ku godan|to ask, to enquire, to query, to listen (formal)|T|を/に|きく|訊く|kiku|訊|ki||||||||||||||||||||||||||||*|*|ukagau|*||||||||||||||||||||||||||||||||||||||||||||||||||||||||||||||||||||||||||||||||||||||||||||||||||||||||||||||||||||||||||||||||||||||||||||||||
ku godan|to become dry|I||かわく|乾く|kawaku|乾|kawa||||||||kawaku|||||||||||||||||||||||||||||||||||||||||||||||||||||||||||||||||||||||||||||||||||||||||||||||||||||||||||||||||||||||||||||||||||||||||||||||||||||||||||||||||||||||
|||||||||||||||||||||||||||||||||||||||||||||||||||||||||||||||||||||||||||||||||||||||||||||||||||||||||||||||||||||||||||||||||||||||||||||||||||||||||||||||||||||||||||||||||||||||
iku special class||||XXXく|XXXく|ku|||ki|ka|kou|ke|itte|itta|ki|ku|ita|kanai|kanakatta|kimasu|kimashita|kimasen|kimasen deshita|itteiru|itteite|itteru|ittete|itteinai|ittenai|itteimasu|itteimasen|itteita|itteimashita|itteimasen deshita|*|(o)de ni naru|rassharu|*|(o)mairu|itte kudasai|(o)ki kudasai|kanaide kudasai|(o)ki nasaimase|(o)ki nasaimasu na|ke|ke|ku na|ki nasai|ki nasaru na|kittai|kittakatta|kittakunai|kittakunakatta|kittai desu|kittai deshita|kittaku arimasen|kittaku arimasen deshita|kittagaru|keba|ka nakya|kanakereba|kimaseba|kimasen nara|ittara|kanakattara|kimashitara|kimasen deshitara|kittakereba|kou|ku mai|itteyou|kimashou|kimasu mai|ka nakya (ikenai)|ka nakereba ikenai|ka nakereba naranai|itte wa ikenai|itte wa naranai|itte wa dame da|ka nakereba ikemasen|ka nakereba narimasen|itte wa ikemasen|itte wa narimasen|itte wa dame desu|ku darou|itta darou|kanai darou|kanakatta darou|ku deshou|itta deshou|kanai deshou|kanakatta deshou|ittari|kanakattari|itteitari|itteinakattari|kaseru|kasu|kasenai|kasemasu|kasemasen|kaserareru|kasareru|kaserarenai|kaseraremasu|kaseraremasen|kareru|kareta|karenai|karemasu|karemasen|karete|keru|reru|keta|kenai|kemasu|kemasen|ki|itte|kanaide|kanakute|kimashite|kimasende|kazu ni|ka nakucha (ikenai)|ka nakute wa ikenai|ka nakute wa ikemasen|kukoto|kanaikoto|ittakoto|ittekoto|itteiru koto|itteinai koto|itteita koto|itte ageru|itte kureru|itte morau|itte iku|itte oku|kittoku|itte shimau|ichau|itte shimatta|ichatta|itte miru|itte suru|itte aru|itte kuru|itte hoshii|itte mo ii|itte mo kamawanai|kanakute mo ii|ku n da|ku n desu|ku no da|ku no desu|kisugiru|kisugi da|kiau|kidasu|kihajimeru|kinaosu|kiokureru|kiowaru|kiwasureru|kiyagaru|kikaneru|kiageru|ki ni [verb]|kinagara|kanasasou|kitsuzuku|kikata|kinikui|kiyasui|kisasu|kiyagare|kanu|kazu|kazaru|kazaru wo enai|
iku special class|to go|I||いく|行く|iku|行|i|||||||||||||||||||||||||||*|(o)ide ni naru|irassharu|*|(o)mairu||||||||||||||||||||||||||||||||||||||||||||||||||||||||||||||||||||*|*|*|*|*|*|||||||||||||||||||||||||||||||||||||||||||||||||||||||||||||||||||||||
iku special class||I|||連れて行く|tsureteiku|連れて行|tsuretei|||||||||||||||||||||||||||*|*|*|*|*||||||||||||||||||||||||||||||||||||||||||||||||||||||||||||||||||||||||||||||||||||||||||||||||||||||||||||||||||||||||||||||||||||||||||||||||
iku special class||I|||上手くいく|umakuiku|上手くい|umakui|||||||||||||||||||||||||||*|*|*|*|*||||||||||||||||||||||||||||||||||||||||||||||||||||||||||||||||||||||||||||||||||||||||||||||||||||||||||||||||||||||||||||||||||||||||||||||||
iku special class||I|||持っていく|motteiku|持ってい|mottei|||||||||||||||||||||||||||*|*|*|*|*||||||||||||||||||||||||||||||||||||||||||||||||||||||||||||||||||||||||||||||||||||||||||||||||||||||||||||||||||||||||||||||||||||||||||||||||
iku special class||I|||地でいく|jideiku|地でい|jidei|||||||||||||||||||||||||||*|*|*|*|*||||||||||||||||||||||||||||||||||||||||||||||||||||||||||||||||||||||||||||||||||||||||||||||||||||||||||||||||||||||||||||||||||||||||||||||||
iku special class||I|||ついて行く|tsuiteiku|ついて行|tsuitei|||||||||||||||||||||||||||*|*|*|*|*||||||||||||||||||||||||||||||||||||||||||||||||||||||||||||||||||||||||||||||||||||||||||||||||||||||||||||||||||||||||||||||||||||||||||||||||
iku special class|to maintain itself, to last, to make itself pay, to make a living, to keep going|I|||立ち行く|tachiiku|立ち行|tachii|||||||||||||||||||||||||||*|*|*|*|*||||||||||||||||||||||||||||||||||||||||||||||||||||||||||||||||||||||||||||||||||||||||||||||||||||||||||||||||||||||||||||||||||||||||||||||||
iku special class||I|||うまくやって行く|umakuyatteiku|うまくやって行|umakuyattei|||||||||||||||||||||||||||*|*|*|*|*||||||||||||||||||||||||||||||||||||||||||||||||||||||||||||||||||||||||||||||||||||||||||||||||||||||||||||||||||||||||||||||||||||||||||||||||
iku special class||I|||生きていく|ikiteiku|生きてい|ikitei|||||||||||||||||||||||||||*|*|*|*|*||||||||||||||||||||||||||||||||||||||||||||||||||||||||||||||||||||||||||||||||||||||||||||||||||||||||||||||||||||||||||||||||||||||||||||||||
iku special class||I|||やって行く|yatteiku|やって行|yattei|||||||||||||||||||||||||||*|*|*|*|*||||||||||||||||||||||||||||||||||||||||||||||||||||||||||||||||||||||||||||||||||||||||||||||||||||||||||||||||||||||||||||||||||||||||||||||||
iku special class||I|||戻って行く|modotteiku|戻って行|modottei|||||||||||||||||||||||||||*|*|*|*|*||||||||||||||||||||||||||||||||||||||||||||||||||||||||||||||||||||||||||||||||||||||||||||||||||||||||||||||||||||||||||||||||||||||||||||||||
iku special class||I|||いい線行く|iiseniku|いい線行|iiseni|||||||||||||||||||||||||||*|*|*|*|*||||||||||||||||||||||||||||||||||||||||||||||||||||||||||||||||||||||||||||||||||||||||||||||||||||||||||||||||||||||||||||||||||||||||||||||||
iku special class||I|||しっくり行く|shikkuriiku|しっくり行|shikkurii|||||||||||||||||||||||||||*|*|*|*|*||||||||||||||||||||||||||||||||||||||||||||||||||||||||||||||||||||||||||||||||||||||||||||||||||||||||||||||||||||||||||||||||||||||||||||||||
iku special class||I|||出て行く|deteiku|出て行|detei|||||||||||||||||||||||||||*|*|*|*|*||||||||||||||||||||||||||||||||||||||||||||||||||||||||||||||||||||||||||||||||||||||||||||||||||||||||||||||||||||||||||||||||||||||||||||||||
iku special class||I|||はって行く|hatteiku|はって行|hattei|||||||||||||||||||||||||||*|*|*|*|*||||||||||||||||||||||||||||||||||||||||||||||||||||||||||||||||||||||||||||||||||||||||||||||||||||||||||||||||||||||||||||||||||||||||||||||||
iku special class||I|||去り行く|sariiku|去り行|sarii|||||||||||||||||||||||||||*|*|*|*|*||||||||||||||||||||||||||||||||||||||||||||||||||||||||||||||||||||||||||||||||||||||||||||||||||||||||||||||||||||||||||||||||||||||||||||||||
iku special class||I|||良い線行く|yoiseniku|良い線行|yoiseni|||||||||||||||||||||||||||*|*|*|*|*||||||||||||||||||||||||||||||||||||||||||||||||||||||||||||||||||||||||||||||||||||||||||||||||||||||||||||||||||||||||||||||||||||||||||||||||
iku special class||I|||置いて行く|oiteiku|置いて行|oitei|||||||||||||||||||||||||||*|*|*|*|*||||||||||||||||||||||||||||||||||||||||||||||||||||||||||||||||||||||||||||||||||||||||||||||||||||||||||||||||||||||||||||||||||||||||||||||||
|||||||||||||||||||||||||||||||||||||||||||||||||||||||||||||||||||||||||||||||||||||||||||||||||||||||||||||||||||||||||||||||||||||||||||||||||||||||||||||||||||||||||||||||||||||||
yuku special class||||XXXく|XXXく|ku|||ki|ka|kou|ke|ite|ita|ki|ku|ita|kanai|kanakatta|kimasu|kimashita|kimasen|kimasen deshita|iteiru|iteite|iteru|itete|iteinai|itenai|iteimasu|iteimasen|iteita|iteimashita|iteimasen deshita|*|(o)de ni naru|rassharu|*|(o)mairu|ite kudasai|(o)ki kudasai|kanaide kudasai|(o)ki nasaimase|(o)ki nasaimasu na|ke|ke|ku na|ki nasai|ki nasaru na|kitai|kitakatta|kitakunai|kitakunakatta|kitai desu|kitai deshita|kitaku arimasen|kitaku arimasen deshita|kitagaru|keba|ka nakya|kanakereba|kimaseba|kimasen nara|itara|kanakattara|kimashitara|kimasen deshitara|kitakereba|kou|ku mai|iteyou|kimashou|kimasu mai|ka nakya (ikenai)|ka nakereba ikenai|ka nakereba naranai|ite wa ikenai|ite wa naranai|ite wa dame da|ka nakereba ikemasen|ka nakereba narimasen|ite wa ikemasen|ite wa narimasen|ite wa dame desu|ku darou|ita darou|kanai darou|kanakatta darou|ku deshou|ita deshou|kanai deshou|kanakatta deshou|itari|kanakattari|iteitari|iteinakattari|kaseru|kasu|kasenai|kasemasu|kasemasen|kaserareru|kasareru|kaserarenai|kaseraremasu|kaseraremasen|kareru|kareta|karenai|karemasu|karemasen|karete|keru|reru|keta|kenai|kemasu|kemasen|ki|ite|kanaide|kanakute|kimashite|kimasende|kazu ni|ka nakucha (ikenai)|ka nakute wa ikenai|ka nakute wa ikemasen|kukoto|kanaikoto|itakoto|itekoto|iteiru koto|iteinai koto|iteita koto|ite ageru|ite kureru|ite morau|ite iku|ite oku|kitoku|ite shimau|ichau|ite shimatta|ichatta|ite miru|ite suru|ite aru|ite kuru|ite hoshii|ite mo ii|ite mo kamawanai|kanakute mo ii|ku n da|ku n desu|ku no da|ku no desu|kisugiru|kisugi da|kiau|kidasu|kihajimeru|kinaosu|kiokureru|kiowaru|kiwasureru|kiyagaru|kikaneru|kiageru|ki ni [verb]|kinagara|kanasasou|kitsuzuku|kikata|kinikui|kiyasui|kisasu|kiyagare|kanu|kazu|kazaru|kazaru wo enai|
yuku special class||I|||移り行く|utsuriyuku|移り行|utsuriyu|||||||||||||||||||||||||||*|*|*|*|*||||||||||||||||||||||||||||||||||||||||||||||||||||||||||||||||||||||||||||||||||||||||||||||||||||||||||||||||||||||||||||||||||||||||||||||||
yuku special class||I|||育ち行く|sodachiyuku|育ち行|sodachiyu|||||||||||||||||||||||||||*|*|*|*|*||||||||||||||||||||||||||||||||||||||||||||||||||||||||||||||||||||||||||||||||||||||||||||||||||||||||||||||||||||||||||||||||||||||||||||||||
yuku special class||I|||冴え行く|saeyuku|冴え行|saeyu|||||||||||||||||||||||||||*|*|*|*|*||||||||||||||||||||||||||||||||||||||||||||||||||||||||||||||||||||||||||||||||||||||||||||||||||||||||||||||||||||||||||||||||||||||||||||||||
yuku special class|walk down the road|I|||道行く|michiyuku|道行|michiyu|||||||||||||||||||||||||||*|*|*|*|*||||||||||||||||||||||||||||||||||||||||||||||||||||||||||||||||||||||||||||||||||||||||||||||||||||||||||||||||||||||||||||||||||||||||||||||||
yuku special class|to pass, to go past|I|||過ぎ行く|sugiyuku|過ぎ行|sugiyu|||||||||||||||||||||||||||*|*|*|*|*||||||||||||||||||||||||||||||||||||||||||||||||||||||||||||||||||||||||||||||||||||||||||||||||||||||||||||||||||||||||||||||||||||||||||||||||
yuku special class|to darken, to wane|I|||暮れゆく|kureyuku|暮れゆ|kureyu|||||||||||||||||||||||||||*|*|*|*|*||||||||||||||||||||||||||||||||||||||||||||||||||||||||||||||||||||||||||||||||||||||||||||||||||||||||||||||||||||||||||||||||||||||||||||||||
yuku special class||I|||落ちゆく|ochiyuku|落ちゆ|ochiyu|||||||||||||||||||||||||||*|*|*|*|*||||||||||||||||||||||||||||||||||||||||||||||||||||||||||||||||||||||||||||||||||||||||||||||||||||||||||||||||||||||||||||||||||||||||||||||||
yuku special class||I|||心ゆく|kokoroyuku|心ゆ|kokoroyu|||||||||||||||||||||||||||*|*|*|*|*||||||||||||||||||||||||||||||||||||||||||||||||||||||||||||||||||||||||||||||||||||||||||||||||||||||||||||||||||||||||||||||||||||||||||||||||
yuku special class||I|||薄れ行く|usureyuku|薄れ行|usureyu|||||||||||||||||||||||||||*|*|*|*|*||||||||||||||||||||||||||||||||||||||||||||||||||||||||||||||||||||||||||||||||||||||||||||||||||||||||||||||||||||||||||||||||||||||||||||||||
yuku special class||I|||てく|teku|て|te|||||||||||||||||||||||||||*|*|*|*|*||||||||||||||||||||||||||||||||||||||||||||||||||||||||||||||||||||||||||||||||||||||||||||||||||||||||||||||||||||||||||||||||||||||||||||||||
|||||||||||||||||||||||||||||||||||||||||||||||||||||||||||||||||||||||||||||||||||||||||||||||||||||||||||||||||||||||||||||||||||||||||||||||||||||||||||||||||||||||||||||||||||||||
gu godan||||XXXぐ|XXXぐ|gu|||gi|ga|gou|ge|ide|ida|gi|gu|ida|ganai|ganakatta|gimasu|gimashita|gimasen|gimasen deshita|ideiru|ideite|ideru|idete|ideinai|idenai|ideimasu|ideimasen|ideita|ideimashita|ideimasen deshita|*|(o)gi ni naru|(o)gi nasaru|(o)gi suru|(o)gi itasu|ide kudasai|(o)gi kudasai|ganaide kudasai|(o)gi nasaimase|(o)gi nasaimasu na|ge|ge|gu na|gi nasai|gi nasaru na|gitai|gitakatta|gitakunai|gitakunakatta|gitai desu|gitai deshita|gitaku arimasen|gitaku arimasen deshita|gitagaru|geba|ga nakya|ganakereba|gimaseba|gimasen nara|idara|ganakattara|gimashitara|gimasen deshitara|gitakereba|gou|gu mai|ideyou|gimashou|gimasu mai|ga nakya (ikenai)|ga nakereba ikenai|ga nakereba naranai|ide wa ikenai|ide wa naranai|ide wa dame da|ga nakereba ikemasen|ga nakereba narimasen|ide wa ikemasen|ide wa narimasen|ide wa dame desu|gu darou|ida darou|ganai darou|ganakatta darou|gu deshou|ida deshou|ganai deshou|ganakatta deshou|idari|ganakattari|ideitari|ideinakattari|gaseru|gasu|gasenai|gasemasu|gasemasen|gaserareru|gasareru|gaserarenai|gaseraremasu|gaseraremasen|gareru|gareta|garenai|garemasu|garemasen|garete|geru|reru|geta|genai|gemasu|gemasen|gi|ide|ganaide|ganakute|gimashite|gimasende|gazu ni|ga nakucha (ikenai)|ga nakute wa ikenai|ga nakute wa ikemasen|gukoto|ganaikoto|idakoto|idekoto|ideiru koto|ideinai koto|ideita koto|ide ageru|ide kureru|ide morau|ide iku|ide oku|gittoku|ide shimau|njau|ide shimatta|njatta|ide miru|ide suru|ide aru|ide kuru|ide hoshii|ide mo ii|ide mo kamawanai|ganakute mo ii|gu n da|gu n desu|gu no da|gu no desu|gisugiru|gisugi da|giau|gidasu|gihajimeru|ginaosu|giokureru|giowaru|giwasureru|giyagaru|gikaneru|giageru|gi ni [verb]|ginagara|ganasasou|gitsuzuku|gikata|ginikui|giyasui|gisasu|giyagare|ganu|gazu|gazaru|gazaru wo enai|
|||||||||||||||||||||||||||||||||||||||||||||||||||||||||||||||||||||||||||||||||||||||||||||||||||||||||||||||||||||||||||||||||||||||||||||||||||||||||||||||||||||||||||||||||||||||
bu godan||||XXXぶ|XXXぶ|bu|||bi|ba|bou|be|nde|nda|bi|bu|nda|banai|banakatta|bimasu|bimashita|bimasen|bimasen deshita|ndeiru|ndeite|nderu|ndete|ndeinai|ndenai|ndeimasu|ndeimasen|ndeita|ndeimashita|ndeimasen deshita|*|(o)bi ni naru|(o)bi nasaru|(o)bi suru|(o)bi itasu|nde kudasai|(o)bi kudasai|banaide kudasai|(o)bi nasaimase|(o)bi nasaimasu na|be|be|bu na|bi nasai|bi nasaru na|bitai|bitakatta|bitakunai|bitakunakatta|bitai desu|bitai deshita|bitaku arimasen|bitaku arimasen deshita|bitagaru|beba|ba nakya|banakereba|bimaseba|bimasen nara|ndara|banakattara|bimashitara|bimasen deshitara|bitakereba|bou|bu mai|ndeyou|bimashou|bimasu mai|ba nakya (ikenai)|ba nakereba ikenai|ba nakereba naranai|nde wa ikenai|nde wa naranai|nde wa dame da|ba nakereba ikemasen|ba nakereba narimasen|nde wa ikemasen|nde wa narimasen|nde wa dame desu|bu darou|nda darou|banai darou|banakatta darou|bu deshou|nda deshou|banai deshou|banakatta deshou|ndari|banakattari|ndeitari|ndeinakattari|baseru|basu|basenai|basemasu|basemasen|baserareru|basareru|baserarenai|baseraremasu|baseraremasen|bareru|bareta|barenai|baremasu|baremasen|barete|beru|reru|beta|benai|bemasu|bemasen|bi|nde|banaide|banakute|bimashite|bimasende|bazu ni|ba nakucha (ikenai)|ba nakute wa ikenai|ba nakute wa ikemasen|bukoto|banaikoto|ndakoto|ndekoto|ndeiru koto|ndeinai koto|ndeita koto|nde ageru|nde kureru|nde morau|nde iku|nde oku|bittoku|nde shimau|njau|nde shimatta|njatta|nde miru|nde suru|nde aru|nde kuru|nde hoshii|nde mo ii|nde mo kamawanai|banakute mo ii|bu n da|bu n desu|bu no da|bu no desu|bisugiru|bisugi da|biau|bidasu|bihajimeru|binaosu|biokureru|biowaru|biwasureru|biyagaru|bikaneru|biageru|bi ni [verb]|binagara|banasasou|bitsuzuku|bikata|binikui|biyasui|bisasu|biyagare|banu|bazu|bazaru|bazaru wo enai|
|||||||||||||||||||||||||||||||||||||||||||||||||||||||||||||||||||||||||||||||||||||||||||||||||||||||||||||||||||||||||||||||||||||||||||||||||||||||||||||||||||||||||||||||||||||||
mu godan||||XXXむ|XXXむ|mu|||mi|ma|mou|me|nde|nda|mi|mu|nda|manai|manakatta|mimasu|mimashita|mimasen|mimasen deshita|ndeiru|ndeite|nderu|ndete|ndeinai|ndenai|ndeimasu|ndeimasen|ndeita|ndeimashita|ndeimasen deshita|*|(o)mi ni naru|(o)mi nasaru|(o)mi suru|(o)mi itasu|nde kudasai|(o)mi kudasai|manaide kudasai|(o)mi nasaimase|(o)mi nasaimasu na|me|me|mu na|mi nasai|mi nasaru na|mitai|mitakatta|mitakunai|mitakunakatta|mitai desu|mitai deshita|mitaku arimasen|mitaku arimasen deshita|mitagaru|meba|ma nakya|manakereba|mimaseba|mimasen nara|ndara|manakattara|mimashitara|mimasen deshitara|mitakereba|mou|mu mai|ndeyou|mimashou|mimasu mai|ma nakya (ikenai)|ma nakereba ikenai|ma nakereba naranai|nde wa ikenai|nde wa naranai|nde wa dame da|ma nakereba ikemasen|ma nakereba narimasen|nde wa ikemasen|nde wa narimasen|nde wa dame desu|mu darou|nda darou|manai darou|manakatta darou|mu deshou|nda deshou|manai deshou|manakatta deshou|ndari|manakattari|ndeitari|ndeinakattari|maseru|masu|masenai|masemasu|masemasen|maserareru|masareru|maserarenai|maseraremasu|maseraremasen|mareru|mareta|marenai|maremasu|maremasen|marete|meru|reru|meta|menai|memasu|memasen|mi|nde|manaide|manakute|mimashite|mimasende|mazu ni|ma nakucha (ikenai)|ma nakute wa ikenai|ma nakute wa ikemasen|mukoto|manaikoto|ndakoto|ndekoto|ndeiru koto|ndeinai koto|ndeita koto|nde ageru|nde kureru|nde morau|nde iku|nde oku|mittoku|nde shimau|njau|nde shimatta|njatta|nde miru|nde suru|nde aru|nde kuru|nde hoshii|nde mo ii|nde mo kamawanai|manakute mo ii|mu n da|mu n desu|mu no da|mu no desu|misugiru|misugi da|miau|midasu|mihajimeru|minaosu|miokureru|miowaru|miwasureru|miyagaru|mikaneru|miageru|mi ni [verb]|minagara|manasasou|mitsuzuku|mikata|minikui|miyasui|misasu|miyagare|manu|mazu|mazaru|mazaru wo enai|
mu godan|to drink|T|を|のむ|飲む|nomu|飲|no||||||||||||||||||||||||||||meshiagaru|*|itadaku|*||||||||||||||||||||||||||||||||||||||||||||||||||||||||||||||||||||||||||||||||||||||||||||||||||||||||||||||||||||||||||||||||||||||||||||||||
mu godan|to be crowded, to be full, to be packed (fig.)|I||こむ|混む|komu|混|ko|komi|koma|komou|kome|konde|konda|komi|||||||||kondeiru (to be full)|kondeite (to be full)|konderu|kondete (to be full)|kondeinai|kondenai|kondeimasu|kondeimasen|kondeita|kondeimashita|kondeimasen deshita|||||||||||||||||||||||||kondeireba (komeba)|kondeinakya (komanakya)|kondeinakereba (komanakereba)|kondeimaseba (komimaseba)|kondeimasen nara (komimasen nara)|kondeitara (kondara)|kondeinakattara (komanakattara)|kondeimashitara (komimashitara)|kondeimasen deshitara (komimasen deshitara)||||||||||||||||||||||||||||||||||||||||||||||||||||||||||||||||||||||||||||||||||||||||||||||||||||||||||||||||||||
mu godan|to stop, to cease|I||やむ|止む|yamu|止|ya|yami|yama|yamou|yame|yande|yanda|yami|||||||||yandeiru (to be stopped)|yandeite (to be stopped)|yanderu|yandete (to be stopped)|yandeinai|yandenai|yandeimasu|yandeimasen|yandeita|yandeimashita|yandeimasen deshita|||||||||||||||||||||||||yandeireba (yameba)|yandeinakya (yamanakya)|yandeinakereba (yamanakereba)|yandeimaseba (yamimaseba)|yandeimasen nara (yamimasen nara)|yandeitara (yandara)|yandeinakattara (yamanakattara)|yandeimashitara (yamimashitara)|yandeimasen deshitara (yamimasen deshitara)||||||||||||||||||||||||||||||||||||||||||||||||||||||||||||||||||||||||||||||||||||||||||||||||||||||||||||||||||||
|||||||||||||||||||||||||||||||||||||||||||||||||||||||||||||||||||||||||||||||||||||||||||||||||||||||||||||||||||||||||||||||||||||||||||||||||||||||||||||||||||||||||||||||||||||||
nu godan||||XXXぬ|XXXぬ|nu|||ni|na|nou|ne|nde|nda|ni|nu|nda|nanai|nanakatta|nimasu|nimashita|nimasen|nimasen deshita|ndeiru|ndeite|nderu|ndete|ndeinai|ndenai|ndeimasu|ndeimasen|ndeita|ndeimashita|ndeimasen deshita|*|(o)ni ni naru|(o)ni nasaru|(o)ni suru|(o)ni itasu|nde kudasai|(o)ni kudasai|nanaide kudasai|(o)ni nasaimase|(o)ni nasaimasu na|ne|ne|nu na|ni nasai|ni nasaru na|nitai|nitakatta|nitakunai|nitakunakatta|nitai desu|nitai deshita|nitaku arimasen|nitaku arimasen deshita|nitagaru|neba|na nakya|nanakereba|nimaseba|nimasen nara|ndara|nanakattara|nimashitara|nimasen deshitara|nitakereba|nou|nu mai|ndeyou|nimashou|nimasu mai|na nakya (ikenai)|na nakereba ikenai|na nakereba naranai|nde wa ikenai|nde wa naranai|nde wa dame da|na nakereba ikemasen|na nakereba narimasen|nde wa ikemasen|nde wa narimasen|nde wa dame desu|nu darou|nda darou|nanai darou|nanakatta darou|nu deshou|nda deshou|nanai deshou|nanakatta deshou|ndari|nanakattari|ndeitari|ndeinakattari|naseru|nasu|nasenai|nasemasu|nasemasen|naserareru|nasareru|naserarenai|naseraremasu|naseraremasen|nareru|nareta|narenai|naremasu|naremasen|narete|neru|reru|neta|nenai|nemasu|nemasen|ni|nde|nanaide|nanakute|nimashite|nimasende|nazu ni|na nakucha (ikenai)|na nakute wa ikenai|na nakute wa ikemasen|nukoto|nanaikoto|ndakoto|ndekoto|ndeiru koto|ndeinai koto|ndeita koto|nde ageru|nde kureru|nde morau|nde iku|nde oku|nittoku|nde shimau|njau|nde shimatta|njatta|nde miru|nde suru|nde aru|nde kuru|nde hoshii|nde mo ii|nde mo kamawanai|nanakute mo ii|nu n da|nu n desu|nu no da|nu no desu|nisugiru|nisugi da|niau|nidasu|nihajimeru|ninaosu|niokureru|niowaru|niwasureru|niyagaru|nikaneru|niageru|ni ni [verb]|ninagara|nanasasou|nitsuzuku|nikata|ninikui|niyasui|nisasu|niyagare|nanu|nazu|nazaru|nazaru wo enai|
|||||||||||||||||||||||||||||||||||||||||||||||||||||||||||||||||||||||||||||||||||||||||||||||||||||||||||||||||||||||||||||||||||||||||||||||||||||||||||||||||||||||||||||||||||||||
ru godan||||XXXる|XXXる|ru|||ri|ra|rou|re|tte|tta|ri|ru|tta|ranai|ranakatta|rimasu|rimashita|rimasen|rimasen deshita|tteiru|tteite|tteru|ttete|tteinai|ttenai|tteimasu|tteimasen|tteita|tteimashita|tteimasen deshita|*|(o)ri ni naru|(o)ri nasaru|(o)ri suru|(o)ri itasu|tte kudasai|(o)ri kudasai|ranaide kudasai|(o)ri nasaimase|(o)ri nasaimasu na|re|re|ru na|ri nasai|ri nasaru na|ritai|ritakatta|ritakunai|ritakunakatta|ritai desu|ritai deshita|ritaku arimasen|ritaku arimasen deshita|ritagaru|reba|ra nakya|ranakereba|rimaseba|rimasen nara|ttara|ranakattara|rimashitara|rimasen deshitara|ritakereba|rou|ru mai|tteyou|rimashou|rimasu mai|ra nakya (ikenai)|ra nakereba ikenai|ra nakereba naranai|tte wa ikenai|tte wa naranai|tte wa dame da|ra nakereba ikemasen|ra nakereba narimasen|tte wa ikemasen|tte wa narimasen|tte wa dame desu|ru darou|tta darou|ranai darou|ranakatta darou|ru deshou|tta deshou|ranai deshou|ranakatta deshou|ttari|ranakattari|tteitari|tteinakattari|raseru|rasu|rasenai|rasemasu|rasemasen|raserareru|rasareru|raserarenai|raseraremasu|raseraremasen|rareru|rareta|rarenai|raremasu|raremasen|rarete|reru|reru|reta|renai|remasu|remasen|ri|tte|ranaide|ranakute|rimashite|rimasende|razu ni|ra nakucha (ikenai)|ra nakute wa ikenai|ra nakute wa ikemasen|rukoto|ranaikoto|ttakoto|ttekoto|tteiru koto|tteinai koto|tteita koto|tte ageru|tte kureru|tte morau|tte iku|tte oku|rittoku|tte shimau|cchau|tte shimatta|cchatta|tte miru|tte suru|tte aru|tte kuru|tte hoshii|tte mo ii|tte mo kamawanai|ranakute mo ii|ru n da|ru n desu|ru no da|ru no desu|risugiru|risugi da|riau|ridasu|rihajimeru|rinaosu|riokureru|riowaru|riwasureru|riyagaru|rikaneru|riageru|ri ni [verb]|rinagara|ranasasou|ritsuzuku|rikata|rinikui|riyasui|risasu|riyagare|ranu|razu|razaru|razaru wo enai|
ru godan|to have, to exist (object is inanimate)|I|が|ある|ある|aru|あ|a|ari|ara|arou|are|atte|atta|ari|||nai|nakatta|||||||||||||||||||||||||||||||*(use hoshii for "to want to have" instead of aritai)||||||||||nakya|nakereba||||nakattara||||||||||||||||||||||||||||||||||||||||||||||||||||||||||||||||||||||||||||||||||||||||||||||||||||||||||||||||||nu|zu|zaru|zaru wo enai|
ru godan|to exist (object is animate), to come, to go|I||おる|居る|oru|居|o|||||||||||||||||||||||||||iru||||||||||||||||||||||||||||||||||||||||||||||||||||||||||||||||||||||||||||||||||||||||||||||||||||||||||||||||||||||||||||||||||||||||||||||||||||
ru godan|to know|T|を|しる|知る|shiru|知|shi|shiri|shira|shirou|shire|shitte|shitta|shiri|shiru||||||||shitteiru (to know)|shitteite (to know)|shitteru|shittete (to know)|shitteinai|shittenai|shitteimasu|shitteimasen|shitteita (to know)|shitteimashita (to know)|shitteimasen deshita (to know)||(go)zonji (desu)|*|zonjiru|*||||||||||||||||||||shitteireba (shireba)|shitteinakya (shiranakya)|shitteinakereba (shiranakereba)|shitteimaseba (shirimaseba)|shitteimasen nara (shirimasen nara)|shitteitara (shittara)|shitteinakattara (shiranakattara)|shitteimashitara (shirimashitara)|shitteimasen deshitara (shirimasen deshitara)||||||||||||||||||||||||||||||||||||||||||||||||||||||||||||||||||||||||||||||||||||||||||||||||||||||||||||||||||||
ru godan|to start, to break out|I||はじまる|始まる|hajimaru|始ま|hajima|hajimari|hajimara|hajimarou|hajimare|hajimatte|hajimatta|hajimari||||||||||||||||||||||||||||||||||||||||||||||||||||||*hajimarou|*hajimaru mai||*hajimarimashou|*hajimarimasu mai||||||||||||||||||||||||*hajimaraseru|*hajimarasu|*hajimarasenai|*hajimarasemasu|*hajimarasemasen||||||||||||||||||||||||||||||||||||||||||||||||||||||||||||||||||||||||||||||||||
ru godan|to eat, to drink|T|を|めしあがる|召し上がる|meshiagaru|召し上が|meshiaga|||||||||||||||||||||||||||taberu, nomu|*|*|*|*||||||||||||||||||||||||||||||||||||||||||||||||||||||||||||||||||||||||||||||||||||||||||||||||||||||||||||||||||||||||||||||||||||||||||||||||
ru godan|to obey respectfully, to humble oneself, to sit straight (upright, respectfully, attentively)|I||かしこまる|畏まる|kashikomaru|畏ま|kashikoma|||||||||||||||||||||||||||wakaru|*|*|*|*||||||||||||||||||||||||||||||||||||||||||||||||||||||||||||||||||||||||||||||||||||||||||||||||||||||||||||||||||||||||||||||||||||||||||||||||
ru godan|to be understood (used as "to understand"), to be comprehended, to be grasped|I|が|わかる|分かる|wakaru|分か|waka|wakari|wakara|wakarou|wakare|wakatte|wakatta|wakari|||||||||wakatteiru (impolite)|wakatteite (impolite)|wakatteru|wakattete (impolite)|wakatteinai|wakattenai|wakatteimasu|wakatteimasen|wakatteita (impolite)|wakatteimashita (impolite)|wakatteimasen deshita (impolite)|||||||||||||||||||||||||||||||||||||||||||||||||||||||||||||||||||||||||||||||||||||||||||||||||||||||||||||||||||||||||||||||||||||||||||||||||||||
ru godan|to come home, to go home, to leave (guest, customer, etc.)|I|に|かえる|帰る|kaeru|帰|kae|kaeri|kaera|kaerou|kaere|kaette|kaetta|kaeri|||||||||kaetteiru (I am already at home)|kaetteite (I am already at home)|kaetteru|kaettete (I am already at home)|kaetteinai|kaettenai|kaetteimasu|kaetteimasen|kaetteita (I am already at home)|kaetteimashita (I am already at home)|kaetteimasen deshita (I am already at home)|||||||||||||||||||||||||||||||||||||||||||||||||||||||||||||||||||||||||||||||||||||||||||||||||||||||||||||||||||||||||||||||||||||||||||||||||||||
ru godan|to do (honorific)|I||はる|はる|haru|は|ha|||||||||||||||||||||||||||suru||||||||||||||||||||||||||||||||||||||||||||||||||||||||||||||||||||||||||||||||||||||||||||||||||||||||||||||||||||||||||||||||||||||||||||||||||||
|||||||||||||||||||||||||||||||||||||||||||||||||||||||||||||||||||||||||||||||||||||||||||||||||||||||||||||||||||||||||||||||||||||||||||||||||||||||||||||||||||||||||||||||||||||||
aru special class||||XXXる|XXXる|ru|||i|ra|rou|re|tte|tta|i|ru|tta|ranai|ranakatta|imasu|imashita|imasen|imasen deshita|tteiru|tteite|tteru|ttete|tteinai|ttenai|tteimasu|tteimasen|tteita|tteimashita|tteimasen deshita|*|(o)i ni naru|(o)i nasaru|(o)i suru|(o)i itasu|tte kudasai|(o)i kudasai|ranaide kudasai|(o)i nasaimase|(o)i nasaimasu na|re|re|ru na|i nasai|i nasaru na|itai|itakatta|itakunai|itakunakatta|itai desu|itai deshita|itaku arimasen|itaku arimasen deshita|itagaru|reba|ra nakya|ranakereba|imaseba|imasen nara|ttara|ranakattara|imashitara|imasen deshitara|itakereba|rou|ru mai|tteyou|imashou|imasu mai|ra nakya (ikenai)|ra nakereba ikenai|ra nakereba naranai|tte wa ikenai|tte wa naranai|tte wa dame da|ra nakereba ikemasen|ra nakereba narimasen|tte wa ikemasen|tte wa narimasen|tte wa dame desu|ru darou|tta darou|ranai darou|ranakatta darou|ru deshou|tta deshou|ranai deshou|ranakatta deshou|ttari|ranakattari|tteitari|tteinakattari|raseru|rasu|rasenai|rasemasu|rasemasen|raserareru|rasareru|raserarenai|raseraremasu|raseraremasen|rareru|rareta|rarenai|raremasu|raremasen|rarete|reru|reru|reta|renai|remasu|remasen|i|tte|ranaide|ranakute|rimashite|rimasende|razu ni|ra nakucha (ikenai)|ra nakute wa ikenai|ra nakute wa ikemasen|rukoto|ranaikoto|ttakoto|ttekoto|tteiru koto|tteinai koto|tteita koto|tte ageru|tte kureru|tte morau|tte iku|tte oku|ittoku|tte shimau|cchau|tte shimatta|cchatta|tte miru|tte suru|tte aru|tte kuru|tte hoshii|tte mo ii|tte mo kamawanai|ranakute mo ii|ru n da|ru n desu|ru no da|ru no desu|isugiru|isugi da|iau|idasu|ihajimeru|inaosu|iokureru|iowaru|iwasureru|iyagaru|ikaneru|iageru|i ni [verb]|inagara|ranasasou|itsuzuku|ikata|inikui|iyasui|isasu|iyagare|ranu|razu|razaru|razaru wo enai|
aru special class|to give (polite, speaker is the recepient or his relative), to please||||下さる|kudasaru|下さ|kudasa|||||||||||||||||||||||||||kureru|*|*|*|*|*|*|*|*|*|||||||||||||||||||||||||||||||||||||||||||||||||||||||||||||||||||||||||||||||||||||||||||||||||||||||||||||||||||||||||||||||||||||||||||
aru special class|to exist, to come, to go||||いらっしゃる|irassharu|いらっしゃ|irassha|||||||||irasshatte (irashite)||||||||||||||||||iru, iku, kuru|*|*|*|*||*|*|*|*||||||||||||||||||||||||||||||||||||||||||||||||||||||||||||||||||||||||||||irasshatte (irashite)|||||||||||||||||||||||||||||||||||||||||||||||||||||||||||||||
aru special class|to say||||仰る|ossharu|仰|ossha|||||||||||||||||||||||||||hanasu|*|*|*|*||*|*|*|*|||||||||||||||||||||||||||||||||||||||||||||||||||||||||||||||||||||||||||||||||||||||||||||||||||||||||||||||||||||||||||||||||||||||||||
aru special class|to be (archaic)||||御座る|gozaru|御座|goza|||||||||||||||||||||||||||*|*|*|*|*||*|*|*|*|||||||||||||||||||||||||||||||||||||||||||||||||||||||||||||||||||||||||||||||||||||||||||||||||||||||||||||||||||||||||||||||||||||||||||
aru special class|to do, to request||||為さる|nasaru|為さ|nasa|||||||||||||||||||||||||||suru, tanomu|*|*|*|*||*|*|*|*|||||||||||||||||||||||||||||||||||||||||||||||||||||||||||||||||||||||||||||||||||||||||||||||||||||||||||||||||||||||||||||||||||||||||||
aru special class|to be, to come, to go||||らっしゃる|rassharu|らっしゃ|rassha|||||||||||||||||||||||||||iru, iku, kuru|*|*|*|*||*|*|*|*|||||||||||||||||||||||||||||||||||||||||||||||||||||||||||||||||||||||||||||||||||||||||||||||||||||||||||||||||||||||||||||||||||||||||||
aru special class|to come, to go, to be (somewhere)||||お出でなさる|oidenasa|お出でなさ|oidenasa|||||||||||||||||||||||||||*|*|*|*|*||*|*|*|*|||||||||||||||||||||||||||||||||||||||||||||||||||||||||||||||||||||||||||||||||||||||||||||||||||||||||||||||||||||||||||||||||||||||||||
aru special class|to see, to look, to watch||||御覧なさる|gorannasaru|御覧なさ|gorannasa|||||||||||||||||||||||||||*|*|*|*|*||*|*|*|*|||||||||||||||||||||||||||||||||||||||||||||||||||||||||||||||||||||||||||||||||||||||||||||||||||||||||||||||||||||||||||||||||||||||||||
|||||||||||||||||||||||||||||||||||||||||||||||||||||||||||||||||||||||||||||||||||||||||||||||||||||||||||||||||||||||||||||||||||||||||||||||||||||||||||||||||||||||||||||||||||||||
tsu godan||||XXXつ|XXXつ|tsu|||chi|ta|tou|te|tte|tta|chi|tsu|tta|tanai|tanakatta|chimasu|chimashita|chimasen|chimasen deshita|tteiru|tteite|tteru|ttete|tteinai|ttenai|tteimasu|tteimasen|tteita|tteimashita|tteimasen deshita|*|(o)chi ni naru|(o)chi nasaru|(o)chi suru|(o)chi itasu|tte kudasai|(o)chi kudasai|tanaide kudasai|(o)chi nasaimase|(o)chi nasaimasu na|te|te|tsu na|chi nasai|chi nasaru na|chitai|chitakatta|chitakunai|chitakunakatta|chitai desu|chitai deshita|chitaku arimasen|chitaku arimasen deshita|chitagaru|teba|ta nakya|tanakereba|chimaseba|chimasen nara|ttara|tanakattara|chimashitara|chimasen deshitara|chitakereba|tou|tsu mai|tteyou|chimashou|chimasu mai|ta nakya (ikenai)|ta nakereba ikenai|ta nakereba naranai|tte wa ikenai|tte wa naranai|tte wa dame da|ta nakereba ikemasen|ta nakereba narimasen|tte wa ikemasen|tte wa narimasen|tte wa dame desu|tsu darou|tta darou|tanai darou|tanakatta darou|tsu deshou|tta deshou|tanai deshou|tanakatta deshou|ttari|tanakattari|tteitari|tteinakattari|taseru|tasu|tasenai|tasemasu|tasemasen|taserareru|tasareru|taserarenai|taseraremasu|taseraremasen|tareru|tareta|tarenai|taremasu|taremasen|tarete|teru|reru|teta|tenai|temasu|temasen|chi|tte|tanaide|tanakute|chimashite|chimasende|tazu ni|ta nakucha (ikenai)|ta nakute wa ikenai|ta nakute wa ikemasen|tsukoto|tanaikoto|ttakoto|ttekoto|tteiru koto|tteinai koto|tteita koto|tte ageru|tte kureru|tte morau|tte iku|tte oku|chittoku|tte shimau|cchau|tte shimatta|cchatta|tte miru|tte suru|tte aru|tte kuru|tte hoshii|tte mo ii|tte mo kamawanai|tanakute mo ii|tsu n da|tsu n desu|tsu no da|tsu no desu|chisugiru|chisugi da|chiau|chidasu|chihajimeru|chinaosu|chiokureru|chiowaru|chiwasureru|chiyagaru|chikaneru|chiageru|chi ni [verb]|chinagara|tanasasou|chitsuzuku|chikata|chinikui|chiyasui|chisasu|chiyagare|tanu|tazu|tazaru|tazaru wo enai|
|||||||||||||||||||||||||||||||||||||||||||||||||||||||||||||||||||||||||||||||||||||||||||||||||||||||||||||||||||||||||||||||||||||||||||||||||||||||||||||||||||||||||||||||||||||||
u godan||||XXXう|XXXう|u|||i|wa|ou|e|tte|tta|i|u|tta|wanai|wanakatta|imasu|imashita|imasen|imasen deshita|tteiru|tteite|tteru|ttete|tteinai|ttenai|tteimasu|tteimasen|tteita|tteimashita|tteimasen deshita|*|(o)i ni naru|(o)i nasaru|(o)i suru|(o)i itasu|tte kudasai|(o)i kudasai|wanaide kudasai|(o)i nasaimase|(o)i nasaimasu na|e|e|u na|i nasai|i nasaru na|itai|itakatta|itakunai|itakunakatta|itai desu|itai deshita|itaku arimasen|itaku arimasen deshita|itagaru|eba|wa nakya|wanakereba|imaseba|imasen nara|ttara|wanakattara|imashitara|imasen deshitara|itakereba|ou|u mai|tteyou|imashou|imasu mai|wa nakya (ikenai)|wa nakereba ikenai|wa nakereba naranai|tte wa ikenai|tte wa naranai|tte wa dame da|wa nakereba ikemasen|wa nakereba narimasen|tte wa ikemasen|tte wa narimasen|tte wa dame desu|u darou|tta darou|wanai darou|wanakatta darou|u deshou|tta deshou|wanai deshou|wanakatta deshou|ttari|wanakattari|tteitari|tteinakattari|waseru|wasu|wasenai|wasemasu|wasemasen|waserareru|wasareru|waserarenai|waseraremasu|waseraremasen|wareru|wareta|warenai|waremasu|waremasen|warete|eru|reru|eta|enai|emasu|emasen|i|tte|wanaide|wanakute|imashite|imasende|wazu ni|wa nakucha (ikenai)|wa nakute wa ikenai|wa nakute wa ikemasen|ukoto|wanaikoto|ttakoto|ttekoto|tteiru koto|tteinai koto|tteita koto|tte ageru|tte kureru|tte morau|tte iku|tte oku|ittoku|tte shimau|cchau|tte shimatta|cchatta|tte miru|tte suru|tte aru|tte kuru|tte hoshii|tte mo ii|tte mo kamawanai|wanakute mo ii|u n da|u n desu|u no da|u no desu|isugiru|isugi da|iau|idasu|ihajimeru|inaosu|iokureru|iowaru|iwasureru|iyagaru|ikaneru|iageru|i ni [verb]|inagara|wanasasou|itsuzuku|ikata|inikui|iyasui|isasu|iyagare|wanu|wazu|wazaru|wazaru wo enai|
u godan|to receive|T|を|もらう|貰う|morau|貰|mora||||||||||||||||||||||||||||*|*|itadaku|*||||||||||||||||||||||||||||||||||||||||||||||||||||||||||||||||||||||||||||||||||||||||||||||||||||||||||||||||||||||||||||||||||||||||||||||||
u godan|to say, to express|T||いう|言う|iu|言|i||||||||||||||||||||||||||||*|ossharu|mousu|*moushi ageru||||||||||||||||||||||||||||||||||||||||||||||||||||||||||||||||||||||||||||||||||||||||||||||||||||||||||||||||||||||||||||||||||||||||||||||||
u godan|to ask, to inquire, to hear, to be told, to implore, to seek direction|T|を|うかがう|伺う|ukagau|伺|ukaga|||||||||||||||||||||||||||kiku||||||||||||||||||||||||||||||||||||||||||||||||||||||||||||||||||||||||||||||||||||||||||||||||||||||||||||||||||||||||||||||||||||||||||||||||||||
|||||||||||||||||||||||||||||||||||||||||||||||||||||||||||||||||||||||||||||||||||||||||||||||||||||||||||||||||||||||||||||||||||||||||||||||||||||||||||||||||||||||||||||||||||||||
u special class||||XXXう|XXXう|u|||i|wa|ou|e|ute|tta|i|u|tta|wanai|wanakatta|imasu|imashita|imasen|imasen deshita|uteiru|uteite|uteru|utete|uteinai|utenai|uteimasu|uteimasen|uteita|uteimashita|uteimasen deshita|*|(o)i ni naru|(o)i nasaru|(o)i suru|(o)i itasu|ute kudasai|(o)i kudasai|wanaide kudasai|(o)i nasaimase|(o)i nasaimasu na|e|e|u na|i nasai|i nasaru na|itai|itakatta|itakunai|itakunakatta|itai desu|itai deshita|itaku arimasen|itaku arimasen deshita|itagaru|eba|wa nakya|wanakereba|imaseba|imasen nara|ttara|wanakattara|imashitara|imasen deshitara|itakereba|ou|u mai|uteyou|imashou|imasu mai|wa nakya (ikenai)|wa nakereba ikenai|wa nakereba naranai|ute wa ikenai|ute wa naranai|ute wa dame da|wa nakereba ikemasen|wa nakereba narimasen|ute wa ikemasen|ute wa narimasen|ute wa dame desu|u darou|tta darou|wanai darou|wanakatta darou|u deshou|tta deshou|wanai deshou|wanakatta deshou|ttari|wanakattari|uteitari|uteinakattari|waseru|wasu|wasenai|wasemasu|wasemasen|waserareru|wasareru|waserarenai|waseraremasu|waseraremasen|wareru|wareta|warenai|waremasu|waremasen|warete|eru|reru|eta|enai|emasu|emasen|i|ute|wanaide|wanakute|imashite|imasende|wazu ni|wa nakucha (ikenai)|wa nakute wa ikenai|wa nakute wa ikemasen|ukoto|wanaikoto|ttakoto|utekoto|uteiru koto|uteinai koto|uteita koto|ute ageru|ute kureru|ute morau|ute iku|ute oku|ittoku|ute shimau|cchau|ute shimatta|cchatta|ute miru|ute suru|ute aru|ute kuru|ute hoshii|ute mo ii|ute mo kamawanai|wanakute mo ii|u n da|u n desu|u no da|u no desu|isugiru|isugi da|iau|idasu|ihajimeru|inaosu|iokureru|iowaru|iwasureru|iyagaru|ikaneru|iageru|i ni [verb]|inagara|wanasasou|itsuzuku|ikata|inikui|iyasui|isasu|iyagare|wanu|wazu|wazaru|wazaru wo enai|
u special class|||||問う|tou|問|to|||||||||||||||||||||||||||*|(o)toi ni naru|*|*|*||||||||||||||||||||||||||||||||||||||||||||||||||||||||||||||||||||||||||||||||||||||||||||||||||||||||||||||||||||||||||||||||||||||||||||||||
u special class|||||請う|kou|請|ko|||||||||||||||||||||||||||*|(o)koi ni naru|*|*|*||||||||||||||||||||||||||||||||||||||||||||||||||||||||||||||||||||||||||||||||||||||||||||||||||||||||||||||||||||||||||||||||||||||||||||||||
u special class|||||恋う|kou|恋|ko|||||||||||||||||||||||||||*|(o)koi ni naru|*|*|*||||||||||||||||||||||||||||||||||||||||||||||||||||||||||||||||||||||||||||||||||||||||||||||||||||||||||||||||||||||||||||||||||||||||||||||||
|||||||||||||||||||||||||||||||||||||||||||||||||||||||||||||||||||||||||||||||||||||||||||||||||||||||||||||||||||||||||||||||||||||||||||||||||||||||||||||||||||||||||||||||||||||||
ru ichidan||||XXXる|XXXる|ru|||||you|re|te|ta||ru|ta|nai|nakatta|masu|mashita|masen|masen deshita|teiru|teite|teru|tete|teinai|tenai|teimasu|teimasen|teita|teimashita|teimasen deshita|*|(o) ni naru|(o) nasaru|(o) suru|(o) itasu|te kudasai|(o) kudasai|naide kudasai|(o) nasaimase|(o) nasaimasu na|ro|yo|ru na| nasai| nasaru na|tai|takatta|takunai|takunakatta|tai desu|tai deshita|taku arimasen|taku arimasen deshita|tagaru|reba|nakya|nakereba|maseba|masen nara|tara|nakattara|mashitara|masen deshitara|takereba|you|mai|teyou|mashou|masu mai| nakya (ikenai)| nakereba naranai| nakereba ikenai|te wa ikenai|te wa naranai|te wa dame da| nakereba ikemasen| nakereba narimasen|te wa ikemasen|te wa narimasen|te wa dame desu|ru darou|ta darou|nai darou|nakatta darou|ru deshou|ta deshou|nai deshou|nakatta deshou|tari|nakattari|teitari|teinakattari|saseru|sasu|sasenai|sasemasu|sasemasen|serareru|sareru|serarenai|seraremasu|seraremasen|rareru|rareta|rarenai|raremasu|raremasen|rarete|rareru|reru|rareta|rarenai|raremasu|raremasen||te|naide|nakute|mashite|masende|zu ni| nakucha (ikenai)| nakute wa ikenai| nakute wa ikemasen|rukoto|naikoto|takoto|tekoto|teiru koto|teinai koto|teita koto|te ageru|te kureru|te morau|te iku|te oku|ttoku|te shimau|chau|te shimatta|chatta|te miru|te suru|te aru|te kuru|te hoshii|te mo ii|te mo kamawanai|runakute mo ii|ru n da|ru n desu|ru no da|ru no desu|rusugiru|rusugi da|au|dasu|hajimeru|naosu|okureru|owaru|wasureru|ruyagaru|rukaneru|ruageru|ru ni [verb]|nagara|nasasou|tsuzuku|kata|nikui|yasui|rusasu|ruyagare|nu|zu|zaru|zaru wo enai|
ru ichidan|to exist, to have (when noun in position of direct object is animate), to stay|I|が|いる|居る|iru|居|i||||||||||||||||||||||||||||(o)ide ni naru|irassharu|*|(o)ru||||||||||||||||||||||||||||||||||||||||||||||||||||||||||||||||||||||||||||||||||||||||||||||||||||||||||||||||||||||||||||||||||||||||||||||||
ru ichidan|to see, to look, to watch, to view, to observe, to assess, to examine, to judge|T|を|みる|見る|miru|見|mi||||||||||||||||||||||||||||(go)ra ni naru|*|haiken suru|*||||||||||||||||||||||||||||||||||||||||||||||||||||||||||||||||||||||||||||||||||||||||||||||||||||||||||||||||||||||||||||||||||||||||||||||||
ru ichidan|to go, to come (polite, humble)|I||おまいる|参る|mairu|参|mai||||||||||||||||||||||||||||(o)mai ni naru|(o)mai nasaru|(o)mai suru|(o)mai itasu||||||||||||||||||||||||||||||||||||||||||||||||||||||||||||||||||||||||||||||||||||||||||||||||||||||||||||||||||||||||||||||||||||||||||||||||
ru ichidan|to eat|T|を|たべる|食べる|taberu|食べ|tabe||||||||||||||||||||||||||||meshiagaru|*|itadaku|*||||||||||||||||||||||||||||||||||||||||||||||||||||||||||||||||||||||||||||||||||||||||||||||||||||||||||||||||||||||||||||||||||||||||||||||||
ru ichidan|to stop, to turn off, to fasten, to fix into place, to park|T|を|とめる|止める|tomeru|止め|tome|||tomeyou|tomere|tomete|tometa|tome|||||||||tometeiru (to wait)|tometeite (to wait)|tometeru|tometete (to wait)|tometeinai|tometenai|tometeimasu|tometeimasen|tometeita (to wait)|tometeimashita (to wait)|tometeimasen deshita (to wait)|||||||||||||||||||||||||||||||||||||||||||||||||||||||||||||||||||||||||||||||||||||||||||||||||||||||||||||||||||||||||||||||||||||||||||||||||||||
ru ichidan|to give (polite, speaker is the recepient or his relative)|T|を|くれる|呉れる|kureru|呉れ|kure||||||||||||||||||||||||||||*|kudasaru|*|*||||||||||||||||||||||||||||||||||||||||||||||||||||||||||||||||||||||||||||||||||||||||||||||||||||||||||||||||||||||||||||||||||||||||||||||||
ru ichidan|to give (polite, speaker is the giver), to offer up to the gods, to raise, to elevate, to do up (one's hair), to fly (a kite, etc.), to launch (fireworks, etc.), to surface (a submarine, etc.), to land (a boat), to show someone (into a room), to send someone (away), to enrol (one's child in school), to enroll, to increase (price, quality, status, etc.), to make (a loud sound), to raise (one's voice), to praise, to bear (a child)|T|を|あげる|上げる|ageru|上げ|age||||||||||||||||||||||||||||*|*|sashi ageru|*||||||||||||||||||||||||||||||||||||||||||||||||||||||||||||||||||||||||||||||||||||||||||||||||||||||||||||||||||||||||||||||||||||||||||||||||
ru ichidan|to get up, to wake up|I||おきる|起きる|okiru|起き|oki|||okiyou|okire|okite|okita|oki|||||||||okiteiru (to be awake)|okiteite (to be awake)|okiteru|okitete (to be awake)|okiteinai|okitenai|okiteimasu|okiteimasen|okiteita (to be awake)|okiteimashita (to be awake)|okiteimasen deshita (to be awake)|||||||||||||||||||||||||||||||||||||||||||||||||||||||||||||||||||||||||||||||||||||||||||||||||||||||||||||||||||||||||||||||||||||||||||||||||||||
ru ichidan|to swell (from inflammation), to become swollen|I||はれる|腫れる|hareru|腫れ|hare|||hareyou|harere|harete|hareta|hare|||||||||hareteiru (to be swollen)|hareteite (to be swollen)|hareteru|haretete (to be swollen)|hareteinai|haretenai|hareteimasu|hareteimasen|hareteita (to be swollen)|hareteimashita (to be swollen)|hareteimasen deshita (to be swollen)|||||||||||||||||||||||||||||||||||||||||||||||||||||||||||||||||||||||||||||||||||||||||||||||||||||||||||||||||||||||||||||||||||||||||||||||||||||
ru ichidan|to know|T|を|ごぞんじる|存じる|zonjiru|存じ|zonji|||||||||||||||||||||||||||shiru|*|*|*|*||||||||||||||||||||||||||||||||||||||||||||||||||||||||||||||||||||||||||||||||||||||||||||||||||||||||||||||||||||||||||||||||||||||||||||||||
ru ichidan|to want, to wish for, to request, to demand, to seek, to search for, to pursue (pleasure), to hunt (a job), to purchase, to buy (polite)|T|を|もとめる|求める|motomeru|求め|motome|||||||||||||||||||||||||||kau||||||||||||||||||||||||||||||||||||||||||||||||||||||||||||||||||||||||||||||||||||||||||||||||||||||||||||||||||||||||||||||||||||||||||||||||||||
|||||||||||||||||||||||||||||||||||||||||||||||||||||||||||||||||||||||||||||||||||||||||||||||||||||||||||||||||||||||||||||||||||||||||||||||||||||||||||||||||||||||||||||||||||||||
desu copula|||||||||*|*|*|*|*|*|*|da|datta|dewa nai, ja nai|dewa nakatta, ja nakatta|desu|deshita|dewa arimasen, ja arimasen|dewa arimasen deshita, ja arimasen deshita|*|*|*|*|*|*|*|*|*|*|*||*|*|*|*|*|*|*|*|*|*|*|*|*|*|*|*|*|*|*|*|*|*|*|*|*|*|*|*|*|*|*|*|*|*|*|*|*|*|*|*|*|*|*|*|*|*|*|*|*|*|*|*|*|*|*|*|*|*|*|*|*|*|*|*|*|*|*|*|*|*|*|*|*|*|*|*|*|*|*|*|*|*|*|*|*|*|*|*|*|*|*|*|*|*|*|*|*|*|*|*|*|*|*|*|*|*|*|*|*|*|*|*|*|*|*|*|*|*|*|*|*|*|*|*|*|*|*|*|*|*|*|*|*|*|*|*|*|*|*|*|*|*|*|*|*|*|*|
|||||||||||||||||||||||||||||||||||||||||||||||||||||||||||||||||||||||||||||||||||||||||||||||||||||||||||||||||||||||||||||||||||||||||||||||||||||||||||||||||||||||||||||||||||||||
kuru verb|||||||||ki|ka|ko|ke|kite|kita|ki|kuru|kita|konai|konakatta|kimasu|kimashita|kimasen|kimasen deshita|kiteiru|kiteite|kiteru|kitete|kiteinai|kitenai|kiteimasu|kiteimasen|kiteita|kiteimashita|kiteimasen deshita||(o)ide ni naru|irassharu|*|mairu|kite kudasai|(o)koi kudasai|konaide kudasai|(o)koi nasaimase|(o)koi nasaimasu na|koi|koyo|kuru na|ki nasai|ki nasaru na|kitai|kitakatta|kitakunai|kitakunakatta|kitai desu|kitai deshita|kitaku arimasen|kitaku arimasen deshita|kitagaru|kureba|ko nakya|konakereba|kimaseba|kimasen nara|kitara|konakattara|kimashitara|kimasen deshitara|kitakereba|koyou|kuru mai|kiteyou|kimashou|kimasu mai|konakya (ikenai)|ko nakereba ikenai|ko nakereba naranai|kite wa ikenai|kite wa naranai|kite wa dame da|ko nakereba ikemasen|ko nakereba narimasen|kite wa ikemasen|kite wa narimasen|kite wa dame desu|kuru darou|kita darou|konai darou|konakatta darou|kuru deshou|kita deshou|konai deshou|konakatta deshou|kitari|konakattari|kiteitari|kiteinakattari|kosaseru|kosu|kosasenai|kosasemasu|kosasemasen|kosaserareru|kosareru|kosaserarenai|kosaseraremasu|kosaseraremasen|*|*|*|*|*|*|korareru|koreru|korareta|korarenai|koraremasu|koraremasen|ki|kite|konaide|konakute|kimashite|kimasende|kozu ni|konakucha (ikenai)|konakute wa ikenai|konakute wa ikemasen|kurukoto|kanaikoto|kitakoto|kitekoto|kiteiru koto|kiteinai koto|kiteita koto|kite ageru|kite kureru|kite morau|kite iku|kite oku|kittoku|kite shimau|kichau|kite shimatta|kichatta|kite miru|kite suru|kite aru|kite kuru|kite hoshii|kite mo ii|kite mo kamawanai|konakute mo ii|kuru n da|kuru n desu|kuru no da|kuru no desu|kisugiru|kisugi da|kiau|kidasu|kihajimeru|kinaosu|kiokureru|kiowaru|kiwasureru|ki yagaru|ki kaneru|ki ageru|ki ni [verb]|kinagara|konasasou|kitsuzuku|kikata|ki nikui|ki yasui|ki sasu|ki yagare|konu|kozu|kozaru|kozaru wo enai|
|||||||||||||||||||||||||||||||||||||||||||||||||||||||||||||||||||||||||||||||||||||||||||||||||||||||||||||||||||||||||||||||||||||||||||||||||||||||||||||||||||||||||||||||||||||||
suru verb|||||||||shi|sa|so|se|shite|shita|shi|suru|shita|shinai|shinakatta|shimasu|shimashita|shimasen|shimasen deshita|shiteiru|shiteite|shiteru|shitete|shiteinai|shitenai|shiteimasu|shiteimasen|shiteita|shiteimashita|shiteimasen deshita||nasaru|haru|*|itasu|shite kudasai|(o)shiro kudasai|shinaide kudasai|(o)shiro nasaimase|(o)shiro nasaimasu na|shiro|seyo|suru na|shi nasai|shi nasaru na|shitai|shitakatta|shitakunai|shitakunakatta|shitai desu|shitai deshita|shitaku arimasen|shitaku arimasen deshita|shitagaru|sureba|shinakya|shinakereba|shimaseba|shimasen nara|shitara|shinakattara|shimashitara|shimasen deshitara|shitakereba|shiyou|suru mai|shiteyou|shimashou|shimasu mai|shinakya (ikenai)|shinakereba ikenai|shinakereba naranai|shite wa ikenai|shite wa naranai|shite wa dame da|shinakereba ikemasen|shinakereba narimasen|shite wa ikemasen|shite wa narimasen|shite wa dame desu|suru darou|shita darou|shinai darou|shinakatta darou|suru deshou|shita deshou|shinai deshou|shinakatta deshou|shitari|shinakattari|shiteitari|shiteinakattari|saseru|sasu|sasenai|sasemasu|sasemasen|saserareru|sasareru|saserarenai|saseraremasu|saseraremasen|sareru|sareta|sarenai|saremasu|saremasen|sarete|dekiru|*|dekinai|dekinai|dekimasu|dekimasen|shi|shite|shitenaide|shitenakute|shitemashite|shitemasende|sezu ni|shinakucha (ikenai)|shinakute wa ikenai|shinakute wa ikemasen|surukoto|shinaikoto|shitakoto|shitekoto|shiteiru koto|shiteinai koto|shiteita koto|shite ageru|shite kureru|shite morau|shite iku|shite oku|shittoku|shite shimau|shichau|shite shimatta|shichatta|shite miru|shite suru|shite aru|shite kuru|shite hoshii|shite mo ii|shite mo kamawanai|shinakute mo ii|suru n da|suru n desu|suru no da|suru no desu|shisugiru|shisugi da|shiau|shidasu|shihajimeru|shinaosu|shiokureru|shiowaru|shiwasureru|shi yagaru|shi kaneru|shi ageru|shi ni [verb]|shinagara|shinasasou|shitsuzuku|shikata|shi nikui|shi yasui|shi sasu|shi yagare|shinu|shizu|shizaru|shizaru wo enai|
*|*|*|*|*|*|*|*|*|||||||||||||||||||||||||||||||||||||||||||||||||||||||||||||||||||||||||||||||||||||||||||||||||||||||||||||||||||||||||||||||||||||||||||||||||||||||||||||||||||||||||||||||
