KEYWORDS|Roumaji construction|Kana construction|Meaning|Type|Categories|Explanation|Rules|Example|Opposite|Synonym|Extra keywords|
hai, はい, yes, yeah, |hai|はい|yes, yeah|Adverb|Declarative|Used in a formal sentence.||||||
un, うん, yes, |un|うん|yes|Adverb|Declarative|Used in colloquial speech.||||||
ee, ええ, yes, yeah, right, correct, |ee|ええ|yes, yeah, right, correct|Adverb|Declarative|||||||
iie, ie, ina, 否, no, nay, |iie, ie, ina|否|no, nay|Adverb|Declarative|||||||
uun, ううん, no, nay, |uun|ううん|no, nay|Adverb|Declarative|Used by both male and female subjects.||||||
iya, iiya, いや, いいや, no, nay, |iya, iiya|いや, いいや|no, nay|Adverb|Declarative|Used only by male subjects.||||||
douzo, どうぞ, please, |douzo|どうぞ|please|Adverb|Declarative|||||||
kudasai, 下さい, please, |kudasai|下さい|please|Adverb|Declarative|||||||
na, な, please, |na|な|please|Adverb|Declarative|Dialect.||||||
ainiku, 生憎, unfortunately, |ainiku|生憎|unfortunately|Adverb|Declarative|||||||
sou, そう, so, right, |sou|そう|so, right|Adverb|Declarative|||||||
tabun, 多分, maybe, perhaps, possibly, probably, |tabun|多分|maybe, perhaps, possibly, probably|Adverb|Declarative|||622||||
moshi kashite, 若しかして, perhaps, possibly, if I'm not wrong, |moshi kashite|若しかして|perhaps, possibly, if I'm not wrong|Adverb|Declarative|||||||
ookata, 大方, perhaps, almost all, majority, |ookata|大方|perhaps, almost all, majority|Adverb|Declarative|||||||
moshi, もし, if, |moshi|もし|if|Adverb|Declarative|||623||||
mashite, 況して, still more, to say nothing of, not to mention, still less (with neg. verb), |mashite|況して|still more, to say nothing of, not to mention, still less (with neg. verb)|Adverb|Declarative|||||||
sae, sura, さえ, すら, even, if only, if just, as long as, |sae, sura|さえ, すら|even, if only, if just, as long as|Adverb|Declarative|||||||
desae, でさえ, even, |desae|でさえ|even|Adverb|Declarative|||||||
mochiron, 勿論, certainly, of course, |mochiron|勿論|certainly, of course|Adverb|Declarative|||624||||
muron, 無論, certainly, of course, |muron|無論|certainly, of course|Adverb|Declarative|||||||
tsumari, つまり, 詰まり, in other words, that is to say, |tsumari|つまり, 詰まり|in other words, that is to say|Adverb|Declarative|||||||
tashika (ni), 確か, if I'm not mistaken, if I remember correctly, |tashika (ni)|確か|if I'm not mistaken, if I remember correctly|Adverb|Declarative|||||||
douse, どうせ, anyhow, in any case, at any rate, after all, at best, at most, at all, |douse|どうせ|anyhow, in any case, at any rate, after all, at best, at most, at all|Adverb|Declarative|||||||
ittai, 一体, the heck, in the world, on earth, itsutai|ittai|一体|the heck, in the world, on earth|Adverb|Declarative|Before an interrogative, forms an emphatic question.|||||itsutai|
iwaba, 言わば, so to speak, so to call it, as it were, |iwaba|言わば|so to speak, so to call it, as it were|Adverb|Declarative|||||||
mattaku, 全く, indeed, |mattaku|全く|indeed|Adverb|Declarative|||||||
jitsu ni, 実に, indeed, really, absolutely, truly, in truth, actually, very, quite, |jitsu ni|実に|indeed, really, absolutely, truly, in truth, actually, very, quite|Adverb|Declarative|||||||
sezu ni, せずに, without (doing), instead of, |sezu ni|せずに|without (doing), instead of|Adverb|Declarative|||||||
ichiou, 一応, 一往, once, tentatively, in outline, for the time being, just in case, so far as it goes, in the meanwhile, for the meanwhile, for now, ichou|ichiou|一応, 一往|once, tentatively, in outline, for the time being, just in case, so far as it goes, in the meanwhile, for the meanwhile, for now|Adverb|Declarative|||1401|||ichou|
toriaezu, 取りあえず, at once, first of all, for the time being, for now, 取り敢えず, 取敢えず|toriaezu|取りあえず|at once, first of all, for the time being, for now|Adverb|Declarative|Not used in the literal "in the meanwhile" sense, more in the figurative sense.|||||取り敢えず, 取敢えず|
shosen, 所詮, after all, |shosen|所詮|after all|Adverb|Declarative|||||||
tsugou, 都合, in all, in total, all told, |tsugou|都合|in all, in total, all told|Adverb|Declarative|||||||
wari ni, 割に, comparatively, proportionately, in comparison, in proportion, |wari ni|割に|comparatively, proportionately, in comparison, in proportion|Adverb||||||||
toku ni, 特に, particularly, especially, |toku ni|特に|particularly, especially|Adverb||||631||||
masa ni, 正に, exactly, surely, certainly, |masa ni|正に|exactly, surely, certainly|Adverb||||||||
kuroku, 黒く, black, |kuroku|黒く|black|Adverb||||627||||
wariai, 割合, comparatively, contrary to expectations, 割り合い|wariai|割合|comparatively, contrary to expectations|Adverb|||||||割り合い|
zutsu, ずつ, each, |zutsu|ずつ|each|Adverb||||643||||
mou, もう, more, another, |mou|もう|more, another|Adverb||||644, 645, 367||||
motto, もっと, more, |motto|もっと|more|Adverb||||646, 647||||
kochira koso, こちらこそ, me too, |kochira koso|こちらこそ|me too|Adverb||||||||
hoka ni, ほかに, in addition to, besides, other than, else, |hoka ni|ほかに|in addition to, besides, other than, else|Adverb||X in addition to/besides Y.|hoka ni X Y, WHERE: X = characteristic, Y = place|659, 660||||
||||||other than X, Y is ...|X no hoka ni Y|661||||
kitto, 屹度, surely, undoubtedly, almost certainly, most likely, 急度|kitto|屹度|surely, undoubtedly, almost certainly, most likely|Adverb|||||||急度|
kore, kochira, kocchi, 此れ, 此方, him/her (here), here|kore, kochira, kocchi|此れ, 此方|him/her (here)|Adverb|||Use "kore" for normal form.|213|||here|
|||||||Use "kochira" for polite form.|708||||
sore, sochira, 其れ, 其方, him/her (there), there|sore, sochira|其れ, 其方|him/her (there)|Adverb|||Use "sore" for normal form.||||there|
|||||||Use "sochira" for polite form.|||||
are, achira, 彼, 彼方, him/her (over there), over there|are, achira|彼, 彼方|him/her (over there)|Adverb|||Use "are" for normal form.||||over there|
|||||||Use "achira" for polite form.|||||
dareka, だれか, someone, |dareka|だれか|someone|Adverb||||709||||
daremo, だれも, noone, nobody, |daremo|だれも|noone, nobody|Adverb||||710||||
mina, minna, mina san, minna san, 皆, 皆さん, everybody, everyone, everything, |mina, minna, mina san, minna san|皆, 皆さん|everybody, everyone, everything|Adverb||||711, 712||||
nanibito, 何人, everyone, every person, all, anyone, |nanibito|何人|everyone, every person, all, anyone|Adverb||||||||
minna no shuu, 皆の衆, everybody, everyone, shuu|minna no shuu|皆の衆|everybody, everyone|Adverb|||||||shuu|
daredemo, 誰でも, everyone, anyone, dare|daredemo|誰でも|everyone, anyone|Adverb||||420|||dare|
kono, kore, 此の, 此れ, this, |kono, kore|此の, 此れ|this|Adverb||||104||||
sono, sore, 其の, 其れ, that, |sono, sore|其の, 其れ|that|Adverb||||713, 714||||
ano, are, 彼の, 彼, that over there, |ano, are|彼の, 彼|that over there|Adverb||||715, 716||||
nanika, doreka, 何か, どれか, something, dore, nani|nanika, doreka|何か, どれか|something|Adverb|||Basic usage.|717|||dore, nani|
|||||||nan + (counter) + ka.|273||||
|||||||Sentences where nanika is used instead of nanidemo.|718||||
nanimo, 何も, nothing, |nanimo|何も|nothing|Adverb||||1376||||
betsu ni, 別に, not particularly, nothing, separately, apart, |betsu ni|別に|not particularly, nothing, separately, apart|Adverb||||||||
nandemo minna, 何でも皆, everything, |nandemo minna|何でも皆|everything|Adverb||||||||
nanidemo, doredemo, 何でも, どれでも, anything, whatever, |nanidemo, doredemo|何でも, どれでも|anything, whatever|Adverb|||Sentences where nanika is used instead of nanidemo.|718||||
kore, kochira, kocchi, 此れ, 此方, this one, |kore, kochira, kocchi|此れ, 此方|this one|Adverb|||Use "kore" for normal form.|316||||
|||||||Use "kochira/kocchi" for polite form.|||||
sore, sochira, 其れ, 其方, that one, |sore, sochira|其れ, 其方|that one|Adverb|||Use "sore" for normal form.|||||
|||||||Use "sochira" for polite form.|||||
are, achira, 彼, 彼方, that one over there, |are, achira|彼, 彼方|that one over there|Adverb|||Use "are" for normal form.|||||
|||||||Use "achira" for polite form.|||||
donoka, dochiraka, どのか, どちらか, either choice, |donoka, dochiraka|どのか, どちらか|either choice|Adverb||||||||
donomo, dochiramo, どのも, どちらも, neither choice, |donomo, dochiramo|どのも, どちらも|neither choice|Adverb||||||||
donodemo, dochirademo, どのでも, どちらでも, any choice, |donodemo, dochirademo|どのでも, どちらでも|any choice|Adverb|||Basic usage.|719||||
|||||||dono + (noun) + demo.|720||||
konna, こんな, this kind of, |konna|こんな|this kind of|Adverb|||"konna" describing the type of object.|721||||
sonna, そんな, that kind of, |sonna|そんな|that kind of|Adverb||||||||
anna, あんな, that kind of (over there), |anna|あんな|that kind of (over there)|Adverb||||||||
donnaka, どんなか, some kind, |donnaka|どんなか|some kind|Adverb||||||||
donnamo, どんなも, no kind, |donnamo|どんなも|no kind|Adverb|||Always followed by negative verb.|||||
donnamo, どんなも, every kind, |donnamo|どんなも|every kind|Adverb|||Always followed by affirmative verb.|||||
donnademo, どんなでも, any kind, |donnademo|どんなでも|any kind|Adverb|||Basic usage.|732||||
|||||||donna + (noun) + demo.|733||||
ikutsuka, いくつか, a number of, |ikutsuka|いくつか|a number of|Adverb||||741||||
ikutsumo, いくつも, none, |ikutsumo|いくつも|none|Adverb||||||||
ikutsudemo, いくつでも, any number of, ikutsu|ikutsudemo|いくつでも|any number of|Adverb|||||||ikutsu|
darenimo, 誰にも, anybody and everybody, with the best of them, as the next follow, |darenimo|誰にも|anybody and everybody, with the best of them, as the next follow|Adverb||||||daremo||
yukkuri, ゆっくり, leisurly, by taking time, slowly, restful, at ease, |yukkuri|ゆっくり|leisurly, by taking time, slowly, restful, at ease|Adverb|Manner|||625||||
osoku, 遅く, slowly, late, |osoku|遅く|slowly, late|Adverb|Manner||||hayaku|||
masa ni, 当に, duly, naturally, |masa ni|当に|duly, naturally|Adverb|Manner|||||||
kononde, 好んで, willingly, |kononde|好んで|willingly|Adverb|Manner|||||||
hakkiri, はっきり, clearly, plainly, distinctly, |hakkiri|はっきり|clearly, plainly, distinctly|Adverb|Manner|||||||
nankaimo, 何回も, time and time again, many times, a number of times, |nankaimo|何回も|time and time again, many times, a number of times|Adverb|Manner|||||||
wazato, 態と, on purpose, |wazato|態と|on purpose|Adverb|Manner|||||||
nohohonto, のほほんと, nonchalantly, without a care, |nohohonto|のほほんと|nonchalantly, without a care|Adverb|Manner|||||||
saisan, 再三, again and again, repeatedly, |saisan|再三|again and again, repeatedly|Adverb|Manner|||||||
guruguru to, ぐるぐると, turning round and round, going around in circles, wrapped around, |guruguru to|ぐるぐると|turning round and round, going around in circles, wrapped around|Adverb|Manner|||||||
kirei ni, きれいに, completely, entirely, |kirei ni|きれいに|completely, entirely|Adverb|Manner|||||||
taezu, 絶えず, constantly, always, continually, steadily, |taezu|絶えず|constantly, always, continually, steadily|Adverb|Manner|||||||
barabara, バラバラ, scatteredly, dispersedly, loosely, disconnectedly, in pieces, in drops, rustlingly, |barabara|バラバラ|scatteredly, dispersedly, loosely, disconnectedly, in pieces, in drops, rustlingly|Adverb|Manner|||||||
assari, あっさり, easily, readily, quickly, |assari|あっさり|easily, readily, quickly|Adverb|Manner|||||||
betsubetsu (ni), 別々, 別別, separately, individually, |betsubetsu (ni)|別々, 別別|separately, individually|Adverb|Manner|||||||
kirakira, きらきら, glitterlingly, sparklingly, |kirakira|きらきら|glitterlingly, sparklingly|Adverb|Manner|||||||
betsunaku, 別無く, irrespective, without discrimination, without distinction, 別なく|betsunaku|別無く|irrespective, without discrimination, without distinction|Adverb|Manner||||||別なく|
hippari (ni), 引っ張りに, pullingly, stretchingly, with tension, |hippari (ni)|引っ張りに|pullingly, stretchingly, with tension|Adverb|Manner|||||||
fukafuka, ふかふか, absent-mindedly, |fukafuka|ふかふか|absent-mindedly|Adverb|Manner|||||||
anni, 暗に, implicitly, |anni|暗に|implicitly|Adverb|Manner|||||||
gussuri (to), ぐっすり, soundly (asleep), fast (asleep), |gussuri (to)|ぐっすり|soundly (asleep), fast (asleep)|Adverb|Manner|||||||
donburako (to), どんぶりこと, ploppingly, splashingly, tumblingly, |donburako (to)|どんぶりこと|ploppingly, splashingly, tumblingly|Adverb|Manner|Onomatopeia||||||
arata, 新た, newly, freshly, |arata|新た|newly, freshly|Adverb|Manner|||||||
tsui, つい, unintentionally, unconciously, by mistake, against one's better judgment, |tsui|つい|unintentionally, unconciously, by mistake, against one's better judgment|Adverb|Manner|||||||
isoide, 急いで, hastily, hurriedly, |isoide|急いで|hastily, hurriedly|Adverb|Manner|||||||
jikkuri (to), じっくり, deliberately, carefully, without rushing, |jikkuri (to)|じっくり|deliberately, carefully, without rushing|Adverb|Manner|||||||
jitori, じっとり, damply, moistly, |jitori|じっとり|damply, moistly|Adverb|Manner|||||||
igai to, 意外と, unexpectedly, surprisingly, |igai to|意外と|unexpectedly, surprisingly|Adverb|Manner|||||||
shoujiki, 正直, honestly, frankly, |shoujiki|正直|honestly, frankly|Adverb|Manner|||||||
enen to, 延々と, meanderingly, wnderingly, windingly, sinuously, |enen to|延々と|meanderingly, wnderingly, windingly, sinuously|Adverb|Manner|||||||
doudou, 堂々, 道道, grandly, boldly, confidently, fairly, squarely, unreservedly, without apology, without hesitation, |doudou|堂々, 道道|grandly, boldly, confidently, fairly, squarely, unreservedly, without apology, without hesitation|Adverb|Manner|||||||
saiwai, 幸い, luckily, fortunately, |saiwai|幸い|luckily, fortunately|Adverb|Manner|||||||
baka ni, 馬鹿に, foolishly, stupidly, idiotically, absurdly, ridiculously, |baka ni|馬鹿に|foolishly, stupidly, idiotically, absurdly, ridiculously|Adverb|Manner|||||||
tsurutsuru to, ツルツルと, slurpingly (noodles), |tsurutsuru to|ツルツルと|slurpingly (noodles)|Adverb|Manner|||||||
tekikaku ni, 的確に, precisely, accurately, |tekikaku ni|的確に|precisely, accurately|Adverb|Manner|||||||
shizuka ni, 静かに, quietly, calmly, gently, peacefully, |shizuka ni|静かに|quietly, calmly, gently, peacefully|Adverb|Manner|||||||
jiriki de, 自力で, by oneself, |jiriki de|自力で|by oneself|Adverb|Manner|||||||
katte ni, 勝手に, arbitrarily, of its own accord, involuntarily, wilfully, willfully, as one pleases, |katte ni|勝手に|arbitrarily, of its own accord, involuntarily, wilfully, willfully, as one pleases|Adverb|Manner|||||||
mushamusha, むしゃむしゃ, crunchily, munchily, |mushamusha|むしゃむしゃ|crunchily, munchily|Adverb|Manner|||||||
totsujo, 突如, suddenly, all of a sudden, |totsujo|突如|suddenly, all of a sudden|Adverb|Manner|||||||
koufuku ni, 幸福に, happily, |koufuku ni|幸福に|happily|Adverb|Manner|||||||
sekkaku, 折角, with trouble, at great pains, long-awaited, |sekkaku|折角|with trouble, at great pains, long-awaited|Adverb|Manner|||1386||||
kawairashiku, kawaiku, かわいらしく, prettily, |kawairashiku, kawaiku|かわいらしく|prettily|Adverb|Manner|||||||
kyuu ni, 急に, suddenly, unexpectedly, abruptly, |kyuu ni|急に|suddenly, unexpectedly, abruptly|Adverb|Manner|||626||totsuzen||
honto ni, honki, ほんとに, 本気, really, truly, |honto ni, honki|ほんとに, 本気|really, truly|Adverb|Manner|||||||
atarashiku, 新しく, newly, anew, |atarashiku|新しく|newly, anew|Adverb|Manner|||||||
taisetsuni, 大切に, carefully, cautiously, |taisetsuni|大切に|carefully, cautiously|Adverb|Manner|||||||
yoroshiku, 宜しく, well, properly, suitably, |yoroshiku|宜しく|well, properly, suitably|Adverb|Manner|||||yoku, jouzu ni, umaku||
jouzu ni, 上手に, well, proficiently, |jouzu ni|上手に|well, proficiently|Adverb|Manner|||628||yoku, yoroshiku, umaku||
tooku, 遠く, distantly, far, |tooku|遠く|distantly, far|Adverb|Manner|||221||||
jiyuu ni, 自由に, freely, |jiyuu ni|自由に|freely|Adverb|Manner|||629||||
umaku, 旨く, skillfully, aptly, well, cleverly, |umaku|旨く|skillfully, aptly, well, cleverly|Adverb|Manner|||||yoku, yoroshiku, jouzu ni||
yoku, 良く, well, skillfully, properly, |yoku|良く|well, skillfully, properly|Adverb|Manner|||630, 102, 1269||umaku, yoroshiku, jouzu ni||
ashiki, 悪しき, bad, evil, |ashiki|悪しき|bad, evil|Adverb|Manner|||||||
nakayoku, 仲良く, on good terms, or cordial terms, getting along well with, happily, peacefully, |nakayoku|仲良く|on good terms, or cordial terms, getting along well with, happily, peacefully|Adverb|Manner|||||||
tsuyoku, 強く, strongly, |tsuyoku|強く|strongly|Adverb|Manner|||||||
hontou ni, 本当に, really, truly, |hontou ni|本当に|really, truly|Adverb|Manner|||||||
isshoukenmei, 一生懸命, very hard, with utmost effort, |isshoukenmei|一生懸命|very hard, with utmost effort|Adverb|Manner|||1353||||
shikkari, 確り, firmly, tightly, reliably, steadily, , 聢り|shikkari|確り|firmly, tightly, reliably, steadily, |Adverb|Manner||||||聢り|
gakkari, がっかり, disappointedly, dejectedly, |gakkari|がっかり|disappointedly, dejectedly|Adverb|Manner|||||||
sotto, そっと, softly, gently, quietly, secretly, |sotto|そっと|softly, gently, quietly, secretly|Adverb|Manner|||||||
chanto, ちゃんと, diligently, seriously, earnestly, reliably, steadily, legitimately, perfectly, properly, exactly, orderly, punctually, regularly, sufficiently, satisfactorily, quickly, |chanto|ちゃんと|diligently, seriously, earnestly, reliably, steadily, legitimately, perfectly, properly, exactly, orderly, punctually, regularly, sufficiently, satisfactorily, quickly|Adverb|Manner|||||||
nonbiri, のんびり, carefreely, leisurely, |nonbiri|のんびり|carefreely, leisurely|Adverb|Manner|||||||
pittari, ぴったり, tighly, closely, exactly, precisely, suddenly stopping, perfectly suited, ideally, |pittari|ぴったり|tighly, closely, exactly, precisely, suddenly stopping, perfectly suited, ideally|Adverb|Manner|||||||
bonyari, ぼんやり, dimly, vaguely, indistincly, faintly, abentmindedly, vacantly, carelessly, idly, aimlessly, |bonyari|ぼんやり|dimly, vaguely, indistincly, faintly, abentmindedly, vacantly, carelessly, idly, aimlessly|Adverb|Manner|||||||
honrai, 本来, originally, primarily, essentially, naturally, properly, legally, |honrai|本来|originally, primarily, essentially, naturally, properly, legally|Adverb|Manner|||||||
ikiiki, 生き生き, vividely, lively, |ikiiki|生き生き|vividely, lively|Adverb|Manner|||||||
ukkari, うっかり, carelessly, thoughtlessly, inadvertently, |ukkari|うっかり|carelessly, thoughtlessly, inadvertently|Adverb|Manner|||||||
kichinto, きちんと, precisely, accurately, neatly, |kichinto|きちんと|precisely, accurately, neatly|Adverb|Manner|||1345, 1346||||
kossori, こっそり, stealthily, secretly, |kossori|こっそり|stealthily, secretly|Adverb|Manner|||||||
minna de, 皆で, everyone together, |minna de|皆で|everyone together|Adverb|Manner|||635|hitori de|futari de, issho ni||
hitori de, 一人で, alone, |hitori de|一人で|alone|Adverb|Manner|||1286|futari de, issho ni, minna de|||
futari de, 二人で, both, |futari de|二人で|both|Adverb|Manner||||hitori de|issho ni, minna de||
dandan, 段々, gradually, progressively, little by little, by degrees, |dandan|段々|gradually, progressively, little by little, by degrees|Adverb|Manner|||654||||
ichiichi, いちいち, one by one, separately, every single, each and every, |ichiichi|いちいち|one by one, separately, every single, each and every|Adverb|Manner|||||||
sorosoro, そろそろ, slowly, quietly, gradually, gingerly, |sorosoro|そろそろ|slowly, quietly, gradually, gingerly|Adverb|Manner|||||||
kouhei (ni), 公平, fairly, impartially, justly, |kouhei (ni)|公平|fairly, impartially, justly|Adverb|Manner|||||||
yoko ni, 横に, horizontally, |yoko ni|横に|horizontally|Adverb|Manner|||||||
kou, 斯う, in this way, thus, as such, |kou|斯う|in this way, thus, as such|Adverb|Manner|||||||
kakute, 斯くて, thus, in this way, |kakute|斯くて|thus, in this way|Adverb|Manner|||||||
sesseto, せっせと, arduously, diligently, industriously, |sesseto|せっせと|arduously, diligently, industriously|Adverb|Manner|||||||
omowazu, 思わず, unintentionally, reflexively, spontaneously, involuntarily, instinctively, |omowazu|思わず|unintentionally, reflexively, spontaneously, involuntarily, instinctively|Adverb|Manner|||||||
mizukara, 自ら, for one's self, personally, |mizukara|自ら|for one's self, personally|Adverb|Manner|||||||
kou, こう, like this, |kou|こう|like this|Adverb|Manner||Use as response to "dou".|741||||
sou, そう, like that, |sou|そう|like that|Adverb|Manner|||||||
aa, ああ, 何とか, like that (over there), |aa|ああ, 何とか|like that (over there)|Adverb|Manner|||||||
douka, nantoka, どうか, somehow, |douka, nantoka|どうか|somehow|Adverb|Manner|||1414, 1415, 1416||||
doumo, どうも, no way, |doumo|どうも|no way|Adverb|Manner||Always followed by negative verb.|||||
doumo, どうも, every way, |doumo|どうも|every way|Adverb|Manner||Always followed by affirmative verb.|||||
tonikaku, とにかく, anyhow, at any rate, anyway, somehow or other, generally speaking, in any case, |tonikaku|とにかく|anyhow, at any rate, anyway, somehow or other, generally speaking, in any case|Adverb|Manner|||1390||||
doudemo, どうでも, anyhow, at any rate, anyway, somehow or other, generally speaking, in any case, |doudemo|どうでも|anyhow, at any rate, anyway, somehow or other, generally speaking, in any case|Adverb|Manner|||||||
doushitemo, 如何しても, by all means, at any cost, no matter what, |doushitemo|如何しても|by all means, at any cost, no matter what|Adverb|Manner|||||||
sappari, さっぱり, completely, entirely, |sappari|さっぱり|completely, entirely|Adverb|Degree|Used in an affirmative phrase.||||||
sappari, さっぱり, not in the least, |sappari|さっぱり|not in the least|Adverb|Degree|Used in a negative phrase.||||||
hodo, 程, approximately, at most, |hodo|程|approximately, at most|Adverb|Degree|||||||
zettai, 絶対, absolutely, unconditionally, |zettai|絶対|absolutely, unconditionally|Adverb|Degree|||||||
mushou ni, 無性に, excessively, very much, |mushou ni|無性に|excessively, very much|Adverb|Degree|||||||
sukunakutomo, 少なくとも, at least, 尠くとも|sukunakutomo|少なくとも|at least|Adverb|Degree||||||尠くとも|
kanari, 可也, considerably, fairly, quite, 可成|kanari|可也|considerably, fairly, quite|Adverb|Degree||||||可成|
sokosoko, そこそこ, reasonably, fairly well, |sokosoko|そこそこ|reasonably, fairly well|Adverb|Degree|||||||
osoraku, 恐らく, perhaps, probably, likely, I dare say, |osoraku|恐らく|perhaps, probably, likely, I dare say|Adverb|Degree|||||||
futsuu, 普通, normally, generally, usually, regularly, |futsuu|普通|normally, generally, usually, regularly|Adverb|Degree|||||||
kurai, gurai, 位, approximately, about (quantity, time), |kurai, gurai|位|approximately, about (quantity, time)|Adverb|Degree|||632, 141||||
bakari, ばかり, approximately, about (quantity, time), bakkari, bakashi, bakkashi|bakari|ばかり|approximately, about (quantity, time)|Adverb|Degree|||633|||bakkari, bakashi, bakkashi|
taitei, 大抵, mostly, ordinarily, usually, generally, probably, |taitei|大抵|mostly, ordinarily, usually, generally, probably|Adverb|Degree|||1428||||
daitai, 大体, generally, substantially, more or less, |daitai|大体|generally, substantially, more or less|Adverb|Degree|||634, 1307, 1308||||
tashou, 多少, more or less, somewhat, a little, some, |tashou|多少|more or less, somewhat, a little, some|Adverb|Degree|||||||
wari to, 割と, relatively, |wari to|割と|relatively|Adverb|Degree|||||||
juubun, 十分, perfectly, thoroughly, fully, in full, |juubun|十分|perfectly, thoroughly, fully, in full|Adverb|Degree|||||||
issho ni, 一緒に, together, with, |issho ni|一緒に|together, with|Adverb|Degree|||636|hitori de|minna de, futari de||
soutou, 相当, extremely, considerably, |soutou|相当|extremely, considerably|Adverb|Degree|||||||
tomo ni, 共に, together, jointly, along with, both, |tomo ni|共に|together, jointly, along with, both|Adverb|Degree|||||||
soremade, それまで, to that extent, |soremade|それまで|to that extent|Adverb|Degree|||||||
sukkari, すっかり, entirely, completely, |sukkari|すっかり|entirely, completely|Adverb|Degree|||||||
daibu, daibun, 大分, considerably, greatly, a lot, |daibu, daibun|大分|considerably, greatly, a lot|Adverb|Degree|||||||
sukoshizutsu, 少しずつ, little by little, |sukoshizutsu|少しずつ|little by little|Adverb|Degree|||||||
morenaku, 漏れなく, without omissin, in full, fully, |morenaku|漏れなく|without omissin, in full, fully|Adverb|Degree|||||||
zehi, 是非, by all means, certainly, without fail, why not, |zehi|是非|by all means, certainly, without fail, why not|Adverb|Degree|||1417||||
totemo, tottemo, 迚も, very, |totemo, tottemo|迚も|very|Adverb|Degree|"tottemo" is usually used in a more expressive context than "totemo".||637, 1275||||
oi ni, 大いに, very, much, greatly, a lot of, |oi ni|大いに|very, much, greatly, a lot of|Adverb|Degree|||||||
taihen, 大変, very, greatly, |taihen|大変|very, greatly|Adverb|Degree|||638||||
mattaku, 全く, really, truly, entirely, completely, wholly, perfectly, |mattaku|全く|really, truly, entirely, completely, wholly, perfectly|Adverb|Degree|||||||
kekkou, 結構, quite, very well, well enough, |kekkou|結構|quite, very well, well enough|Adverb|Degree|||639||||
choudo, 丁度, right, exactly, just, precisely, |choudo|丁度|right, exactly, just, precisely|Adverb|Degree|||640, 1349||||
maru de, 丸で, quite, entirely, completely, at all, |maru de|丸で|quite, entirely, completely, at all|Adverb|Degree|||||||
sukoshi, 少し, few, a little, for a little while, |sukoshi|少し|few, a little, for a little while|Adverb|Degree|||641||||
takusan, 沢山, many, much, a lot, |takusan|沢山|many, much, a lot|Adverb|Degree|||642, 194||||
ooi, 多い, many, much, a lot, |ooi|多い|many, much, a lot|Adverb|Degree|||1415|chotto|ooku||
ooku, 多く, many, a large number of, |ooku|多く|many, a large number of|Adverb|Degree||||chotto|ooi||
chotto, choto, choito, 一寸, few, a little, a bit, for a little while, |chotto, choto, choito|一寸|few, a little, a bit, for a little while|Adverb|Degree|Also used as to soften a sentence.||642||||
shoushou, 少々, a little, somewhat, |shoushou|少々|a little, somewhat|Adverb|Degree|||||||
tan ni, 単に, simply, merely, only, solely, |tan ni|単に|simply, merely, only, solely|Adverb|Degree|||||||
tada, ただ, only, simply, merely, just, |tada|ただ|only, simply, merely, just|Adverb|Degree|||||||
bakari, ばかり, just, only, |bakari|ばかり|just, only|Adverb|Degree|||648||||
bakari, ばかり, always, usually, bakkari, bakashi, bakkashi|bakari|ばかり|always, usually|Adverb|Degree|||649, 650|||bakkari, bakashi, bakkashi|
kanarazu, 必ず, always, without exception, necessarily, certainly, without fail, positively, invariably, |kanarazu|必ず|always, without exception, necessarily, certainly, without fail, positively, invariably|Adverb|Degree|||||||
dake, だけ, just, only, |dake|だけ|just, only|Adverb|Degree||X dake|1098, 1099, 1367||shika, tatta||
nomi, のみ, only, nothing but, |nomi|のみ|only, nothing but|Adverb|Degree||X nomi|||||
shika, しか, nothing except for, nothing but, |shika|しか|nothing except for, nothing but|Adverb|Degree|Only used in a negative phrase. Usually used to emphasize that there should be more. Colloquial form: shikia, shikkia.|X shika|651, 652, 1100, 1101||tatta, dake||
koto ni, ことに, especially, particularly, |koto ni|ことに|especially, particularly|Adverb|Degree|||||||
subete, subete no, 全て, 全ての, all, everything, the whole, entirely, in general, wholly, overall, |subete, subete no|全て, 全ての|all, everything, the whole, entirely, in general, wholly, overall|Adverb|Degree||||minna, zenbu|||
zenbu, 全部, all, entire, whole, altogether, |zenbu|全部|all, entire, whole, altogether|Adverb|Degree|||653, 1258, 1355|subete, zenbu|||
mottomo, 最も, most, extremely, |mottomo|最も|most, extremely|Adverb|Degree|||||||
tatta, たった, only, |tatta|たった|only|Adverb|Degree|||||shika,dake||
amari, anmari, 余り, not very (well), |amari, anmari|余り|not very (well)|Adverb|Degree|||680, 1321, 1414||||
sorehodo, arehodo, 其れ程, to that degree, to that extent, |sorehodo, arehodo|其れ程|to that degree, to that extent|Adverb|Degree|||||||
chittomo, 些とも, not at all, |chittomo|些とも|not at all|Adverb|Degree|Used in a negative phrase.||||||
shibaraku, 暫く, little while, short while, moment, instant, a while, quite a time, |shibaraku|暫く|little while, short while, moment, instant, a while, quite a time|Adverb|Degree|||||||
kotogotoku, 悉く, altogether, entirely, |kotogotoku|悉く|altogether, entirely|Adverb|Degree|||||尽く||
sokkuri, そっくり, all, altogether, entirely, |sokkuri|そっくり|all, altogether, entirely|Adverb|Degree|||||||
toutou, 到頭, finally, at last, reaching a head, |toutou|到頭|finally, at last, reaching a head|Adverb|Degree|||||||
zatto, ざっと, roughly, in round numbers, |zatto|ざっと|roughly, in round numbers|Adverb|Degree|||||||
jitto, じっと, motionlessly, fixedly, patiently, firmly (e.g. hold), restrained, |jitto|じっと|motionlessly, fixedly, patiently, firmly (e.g. hold), restrained|Adverb|Degree|||||||
aikawarazu, 相変わらず, as ever, as usual, the same, |aikawarazu|相変わらず|as ever, as usual, the same|Adverb|Degree|Based on the "zu" conjugation of kawaru (ie. without changing).||1413||||
ijou, 以上, not less than, more, more than, further, beyond, above-mentioned, foregoing, the end, this is all, |ijou|以上|not less than, more, more than, further, beyond, above-mentioned, foregoing, the end, this is all|Adverb|Degree|||1290||||
sukkari, すっかり, all, completely, thoroughly, |sukkari|すっかり|all, completely, thoroughly|Adverb|Degree|||||||
soreha, sorya, soryaa, それは, そりゃ, そりゃあ, very, extremely, sorewa|soreha, sorya, soryaa|それは, そりゃ, そりゃあ|very, extremely|Adverb|Degree||||||sorewa|
danjite, 断じて, absolutely, positively, decidedly, |danjite|断じて|absolutely, positively, decidedly|Adverb|Degree|||||||
taishite, 大して, not so much, not very, |taishite|大して|not so much, not very|Adverb|Degree|Used in a negative phrase.||||||
nanitonaku, 何となく, 何と無く, somehow or other, for some reason or another, |nanitonaku|何となく, 何と無く|somehow or other, for some reason or another|Adverb|Degree|||||||
yatto, やっと, barely, narrowly, just, |yatto|やっと|barely, narrowly, just|Adverb|Degree|||||||
ikana, 如何な, no matter what, however much, |ikana|如何な|no matter what, however much|Adverb|Degree|||||||
yatto, やっと, at last, at length, |yatto|やっと|at last, at length|Adverb|Degree|||||||
hotondo, 殆ど, mostly, nearly, practically, well-nigh, almost invariably, all but, just about, almost, |hotondo|殆ど|mostly, nearly, practically, well-nigh, almost invariably, all but, just about, almost|Adverb|Degree|||1416||||
zuibun, 随分, very, extremely, surprisingly, considerably, |zuibun|随分|very, extremely, surprisingly, considerably|Adverb|Degree|||1342||||
nakanaka, 中中, 中々, very, considerably, easily, readily, fairly, quite, highly, rather, |nakanaka|中中, 中々|very, considerably, easily, readily, fairly, quite, highly, rather|Adverb|Degree|Used in an affirmative phrase.||||||
nakanaka, 中中, 中々, by no means, |nakanaka|中中, 中々|by no means|Adverb|Degree|Used in a negative phrase.||||||
nantomo, 何とも, quite, really, very, extremely, |nantomo|何とも|quite, really, very, extremely|Adverb|Degree|Used in an affirmative phrase.||||||
nantomo, 何とも, not a bit, not at all, |nantomo|何とも|not a bit, not at all|Adverb|Degree|Used in a negative phrase.||||||
nakaba, 半ば, halfway, partly, semi, |nakaba|半ば|halfway, partly, semi|Adverb|Degree|||||||
konna ni, こんなに, like so, like this, in this way, |konna ni|こんなに|like so, like this, in this way|Adverb|Degree||"konna ni" meaning "like so/like this/in this way".|722, 723, 724||||
sonna ni, そんなに, like that, in that way, |sonna ni|そんなに|like that, in that way|Adverb|Degree|||725, 726, 727||||
anna ni, あんなに, to that extent, to that degree, |anna ni|あんなに|to that extent, to that degree|Adverb|Degree|||728||||
donna ni, どんなに, not important, doesn't matter, donna|donna ni|どんなに|not important, doesn't matter|Adverb|Degree|||729, 730, 731|||donna|
amari, あまり, not much, not often, |amari|あまり|not much, not often|Adverb|Degree|Use in phrase with negative tense only.||680, 681||metta ni, zenzen||
zenzen, 全然, not at all, |zenzen|全然|not at all|Adverb|Degree|Use in phrase with negative tense only.||682||metta ni, amari, never||
tsugi, 次, next, following, subsequent, |tsugi|次|next, following, subsequent|Adverb|Order|||657, 658|saki|||
saki, 先, previous, prior, former, preceding, ahead, in front, |saki|先|previous, prior, former, preceding, ahead, in front|Adverb|Order||||tsugi|||
daiichi, 第一, firstly, foremost, |daiichi|第一|firstly, foremost|Adverb|Order|||||||
hajime ni, 始めに, 初めに, first action, initial action, |hajime ni|始めに, 初めに|first action, initial action|Adverb|Order|||684||||
hajime wa, 始めは, 初めは, at the beginning (of an event), at the start, first of all|hajime wa|始めは, 初めは|at the beginning (of an event)|Adverb|Order|||685||mazu|at the start, first of all|
somosomo, そもそも, first of all, to start with, to begin with, originally, |somosomo|そもそも|first of all, to start with, to begin with, originally|Adverb|Order|||||||
mazu, 先ず, first of all, to start with, at the beginning|mazu|先ず|first of all, to start with|Adverb|Order|||||hajime wa|at the beginning|
mae, 前, in front, |mae|前|in front|Adverb|Place||||ushiro|||
ushiro, 後ろ, behind, |ushiro|後ろ|behind|Adverb|Place||||mae|||
ue, 上, above, over, |ue|上|above, over|Adverb|Place||||shita|||
shita, 下, below, under, |shita|下|below, under|Adverb|Place||Also used with "no".|655|ue|||
tonari, 隣, next to, |tonari|隣|next to|Adverb|Place|||656||||
mukai, 向井, opposite side, |mukai|向井|opposite side|Adverb|Place|||||||
naka, 中, inside, |naka|中|inside|Adverb|Place||||soko|||
tsui, つい, quite (near), |tsui|つい|quite (near)|Adverb|Place|||||||
soto, 外, outside, |soto|外|outside|Adverb|Place||||naka|||
harubaru, 遥々, 遙々, 遙遙, 遥遥, from afar, over a great distance, all the way, |harubaru|遥々, 遙々, 遙遙, 遥遥|from afar, over a great distance, all the way|Adverb|Place|||||||
koko, kochira, kocchi, 此処, 此方, here, |koko, kochira, kocchi|此処, 此方|here|Adverb|Place||Use "koko" for normal form.|734||||
|||||||Use "kochira/kocchi" for polite form.|||||
soko, sochira, socchi, 其処, 其方, there, |soko, sochira, socchi|其処, 其方|there|Adverb|Place||Use "soko" for normal form.|735||||
|||||||Use "sochira/socchi" for polite form.|||||
asoko, achira, acchi, 彼処, あちら, あっち, over there, |asoko, achira, acchi|彼処, あちら, あっち|over there|Adverb|Place||Use "asoko" for normal form.|736||||
|||||||Use "achira/acchi" for polite form.|737||||
arutokoro, izukoka, あるところ, 何処か, somewhere, someplace, |arutokoro, izukoka|あるところ, 何処か|somewhere, someplace|Adverb|Place|||||||
dokoka, dokka, どこか, どっか, somwhere, anywhere, |dokoka, dokka|どこか, どっか|somwhere, anywhere|Adverb|Place|||738||||
dokomo, dokonimo, どこも, どこにも, nowhere, |dokomo, dokonimo|どこも, どこにも|nowhere|Adverb|Place||Always followed by negative verb.|739||||
dokomo, どこも, everywhere, |dokomo|どこも|everywhere|Adverb|Place||Always followed by affirmative verb.|||||
dokodemo, どこでも, anywhere, |dokodemo|どこでも|anywhere|Adverb|Place|||740||||
masa ni, 将に, just about to, on the verge of, |masa ni|将に|just about to, on the verge of|Adverb|Time|||||||
metta ni, 滅多に, very seldom, almost never, rarely, |metta ni|滅多に|very seldom, almost never, rarely|Adverb|Time|Use in phrase with negative tense only.||679, 134||amari, zenzen||
kore kara, 此れから, from now on, after this, |kore kara|此れから|from now on, after this|Adverb|Time|||||||
are kara, あれから, since then, after that, |are kara|あれから|since then, after that|Adverb|Time|||||||
yoku, 良く, often, much, frequently, |yoku|良く|often, much, frequently|Adverb|Time|||662||||
shocchuu, しょっちゅう, always, constantly, frequently, often, |shocchuu|しょっちゅう|always, constantly, frequently, often|Adverb|Time|||||||
nenjuu, 年中, always, all the time, |nenjuu|年中|always, all the time|Adverb|Time|||||||
tokidoki, 時々, sometimes, from time to time, |tokidoki|時々|sometimes, from time to time|Adverb|Time|||663||||
ima, 今, now, |ima|今|now|Adverb|Time|||664||||
konkai, 今回, now, at this time, lately, |konkai|今回|now, at this time, lately|Adverb|Time|||||||
mou sugu, もうすぐ, very soon, before long, in a moment, |mou sugu|もうすぐ|very soon, before long, in a moment|Adverb|Time|||665, 666||||
mae, 前, before, previously, ago, |mae|前|before, previously, ago|Adverb|Time|||667||||
igoto, 日毎, every day, daily, 日ごと|igoto|日毎|every day, daily|Adverb|Time||||||日ごと|
soremade, それまで, until then, till then, up to that time, |soremade|それまで|until then, till then, up to that time|Adverb|Time|||||||
tadachi ni, 直ちに, at once;  immediately;  directly;  in person;  automatically, |tadachi ni|直ちに|at once;  immediately;  directly;  in person;  automatically|Adverb|Time|||||||
imasara, 今更, now (after such a long time), at this late hour (ie. too late for something), |imasara|今更|now (after such a long time), at this late hour (ie. too late for something)|Adverb|Time|||||||
nochihodo, 後程, 後ほど, later on, eventually, afterwards, |nochihodo|後程, 後ほど|later on, eventually, afterwards|Adverb|Time|More formal version of "ato de".||||ato de||
izen wa, 以前, beforehand, izen ha|izen wa|以前|beforehand|Adverb|Time||||||izen ha|
senkoku, 先刻, alreaady, a while ago, |senkoku|先刻|alreaady, a while ago|Adverb|Time|||||||
tokku ni, 疾っくに, long ago, a long time ago, already, |tokku ni|疾っくに|long ago, a long time ago, already|Adverb|Time|||||||
igo, 以後, after this, from now on, hereafter, thereafter, are igo, sore igo|igo|以後|after this, from now on, hereafter, thereafter|Adverb|Time||||||are igo, sore igo|
enen to, 延々と, forever, endlessly, on and on, |enen to|延々と|forever, endlessly, on and on|Adverb|Time|||||||
tsuke ni, 常に, always, constantly, |tsuke ni|常に|always, constantly|Adverb|Time|||||||
chouki ni, 長期に, for a long time, |chouki ni|長期に|for a long time|Adverb|Time|||||||
touji, 当時, at that time;  in those days, |touji|当時|at that time;  in those days|Adverb|Time|||||||
tadaima, 只今, presently, right away, right now, just now, ただ今|tadaima|只今|presently, right away, right now, just now|Adverb|Time||||||ただ今|
sakihodo, 先程, some time ago, not long ago, just now, |sakihodo|先程|some time ago, not long ago, just now|Adverb|Time|||||||
mamonaku, 間もなく, 間も無く, soon, before long, in a short time, |mamonaku|間もなく, 間も無く|soon, before long, in a short time|Adverb|Time|||||||
irai, 以来, since, henceforth, from then on, |irai|以来|since, henceforth, from then on|Adverb|Time|||||||
yasaki ni, 矢先に, just when one is…, |yasaki ni|矢先に|just when one is…|Adverb|Time|||||||
hisashiburi ni, 久しぶりに, after a long time, |hisashiburi ni|久しぶりに|after a long time|Adverb|Time|||1411||||
tsui ni, 遂に, 終に, 竟に, finally, at last, in the end, |tsui ni|遂に, 終に, 竟に|finally, at last, in the end|Adverb|Time|||||||
konshuujuu ni, 今週中に, before the week is out, before the week is over, within the week, sometime this week, |konshuujuu ni|今週中に|before the week is out, before the week is over, within the week, sometime this week|Adverb|Time|||||||
nandomo, 何度も, many times over, often, |nandomo|何度も|many times over, often|Adverb|Time|||||||
tsui, つい, just (now), |tsui|つい|just (now)|Adverb|Time|||||||
mata, 又, again, |mata|又|again|Adverb|Time|||668||||
sassato, さっさと, quickly, |sassato|さっさと|quickly|Adverb|Time|Used colloquially.||||||
aratamete, 改めて, again, anew, |aratamete|改めて|again, anew|Adverb|Time|||||||
futatabi, 再び, again, once more, a second time, |futatabi|再び|again, once more, a second time|Adverb|Time|||||||
sugu, 直ぐ, soon, in a short time, before long, shortly, immediately, right away, fast, |sugu|直ぐ|soon, in a short time, before long, shortly, immediately, right away, fast|Adverb|Time|||669, 670, 1364||sorosoro||
goro, ごろ, around a specific point in time, |goro|ごろ|around a specific point in time|Adverb|Time|||671||||
hayaku, hayou (dialect), 早く, early, quickly, |hayaku, hayou (dialect)|早く|early, quickly|Adverb|Time|||672, 1294, 1295|osoku|||
hayame, 早目, 早め, early, |hayame|早目, 早め|early|Adverb|Time|Usually means "early-ish", a bit less early than hayaku.||||||
hayame, 速目, 速め, quick, |hayame|速目, 速め|quick|Adverb|Time|Usually means "quick-ish", a bit less quick than hayaku.||||||
zutto, ずっと, much, by far, ずーっと, ずうっと|zutto|ずっと|much, by far|Adverb|Time|||673|||ずーっと, ずうっと|
zutto, ずっと, far away, far off, long ago, ずーっと, ずうっと|zutto|ずっと|far away, far off, long ago|Adverb|Time||||||ずーっと, ずうっと|
zutto, ずっと, straight, direct, ずーっと, ずうっと|zutto|ずっと|straight, direct|Adverb|Time||||||ずーっと, ずうっと|
zutto, ずっと, continuously, throughout, all along, the whole time, all the way, ずーっと, ずうっと|zutto|ずっと|continuously, throughout, all along, the whole time, all the way|Adverb|Time||||||ずーっと, ずうっと|
youyaku, 漸く, finally, at last, |youyaku|漸く|finally, at last|Adverb|Time|||||||
youyaku, 漸く, barely, narrowly, hardly, only just, |youyaku|漸く|barely, narrowly, hardly, only just|Adverb|Time|||||||
youyaku, 漸く, gradually, little by little, by degrees, |youyaku|漸く|gradually, little by little, by degrees|Adverb|Time|||||||
kesshite, 決して, never, |kesshite|決して|never|Adverb|Time|||||||
saigo ni, 最後に, in the end, |saigo ni|最後に|in the end|Adverb|Time|||||||
mada, imada, 未だ, not yet, still, |mada, imada|未だ|not yet, still|Adverb|Time|||674|mou|||
||||Adverb|Time||mada + verb: use negative tense.|675||||
mou, もう, yet, again, already, more, |mou|もう|yet, again, already, more|Adverb|Time|||676, 677|mada|||
sude, すでに, already, too late, |sude|すでに|already, too late|Adverb|Time|||||||
saikin, 最近, recently, lately, nowadays, |saikin|最近|recently, lately, nowadays|Adverb|Time|||678||kono goro||
kono goro, この頃, recently, lately, nowadays, |kono goro|この頃|recently, lately, nowadays|Adverb|Time|||||saikin||
kondo, 今度, now, this time, next time, another time, |kondo|今度|now, this time, next time, another time|Adverb|Time|||1412||||
konya, 今夜, this evening, tonight, |konya|今夜|this evening, tonight|Adverb|Time|||||||
mukashi, 昔, a long time ago, |mukashi|昔|a long time ago|Adverb|Time|||||||
sakki, さっき, some time ago, |sakki|さっき|some time ago|Adverb|Time|||||||
suruto, すると, just then, |suruto|すると|just then|Adverb|Time|||||||
aruto, あると, one time, |aruto|あると|one time|Adverb|Time|||||||
totsuzen, 突然, abruptly, suddenly, unexpectedly, all at once, |totsuzen|突然|abruptly, suddenly, unexpectedly, all at once|Adverb|Time|||||kyuu ni, tozzen||
atto de, 後で, later, |atto de|後で|later|Adverb|Time|||||||
hajimete, 始めて, 初めて, first time (doing something), |hajimete|始めて, 初めて|first time (doing something)|Adverb|Time|||683||||
hoka ni, ほか に, X in addition to, besides Y, |hoka ni|ほか に|X in addition to, besides Y|Adverb|Time||hoka ni X Y, WHERE: X = characteristic, Y = time|||||
chikaku, 近く, shortly, soon, |chikaku|近く|shortly, soon|Adverb|Time|||||sugu ni, sassoku||
sugu ni, すぐに, immediately, at once, directly, shortly, soon, right away, promptly, |sugu ni|すぐに|immediately, at once, directly, shortly, soon, right away, promptly|Adverb|Time|||686||chikaku, sassoku||
sassoku, 早速, immediately, at once, directly, shortly, soon, right away, promptly, |sassoku|早速|immediately, at once, directly, shortly, soon, right away, promptly|Adverb|Time|||687||sugu ni, chikaku||
sorosoro, そろそろ, soon, momentarily, before long, any time now, |sorosoro|そろそろ|soon, momentarily, before long, any time now|Adverb|Time|Mainly used to refer to an event that will be related to the subject of the sentence (usually a person).||1382||sugu||
kitto, きっと, suddenly, abruptly, instantly, |kitto|きっと|suddenly, abruptly, instantly|Adverb|Time|Archaic.||||||
dotto, どっと, suddenly, |dotto|どっと|suddenly|Adverb|Time|||||||
dondon, どんどん, rapidly, steadily in time, one after another, all at once, |dondon|どんどん|rapidly, steadily in time, one after another, all at once|Adverb|Time|||||one after the other||
itsuka, いつか, sometime, |itsuka|いつか|sometime|Adverb|Time|||742||||
itsumo, 何時も, never, |itsumo|何時も|never|Adverb|Time||Always followed by negative verb.|||||
itsumo, 何時も, always, usually, |itsumo|何時も|always, usually|Adverb|Time||Always followed by affirmative verb.|443, 1263, 1358||||
itsudemo, いつでも, anytime, |itsudemo|いつでも|anytime|Adverb|Time|||743||||
nanjika, 何時か, some hour, nanji|nanjika|何時か|some hour|Adverb|Time||||||nanji|
maiji, 毎時, every hour, hourly, |maiji|毎時|every hour, hourly|Adverb|Time|||||||
nanjidemo, 何時でも, any hour, all hours, |nanjidemo|何時でも|any hour, all hours|Adverb|Time|||744||||
itsuka, いつか, some day, |itsuka|いつか|some day|Adverb|Time|||||||
nanyoubidemo, 何曜日でも, anyday, |nanyoubidemo|何曜日でも|anyday|Adverb|Time|||745||||
senjitsu, 先日, the other day, a few days ago, |senjitsu|先日|the other day, a few days ago|Adverb|Time|||||||
kinou, 昨日, yesterday, |kinou|昨日|yesterday|Adverb|Time|||746||||
kyou, konnichi, 今日, today, |kyou, konnichi|今日|today|Adverb|Time|||||||
ashita, asu, 明日, tomorrow, |ashita, asu|明日|tomorrow|Adverb|Time|||747||||
asatte, 明後日, day after tomorrow, |asatte|明後日|day after tomorrow|Adverb|Time|||288||||
mainichi, 毎日, every day, nichi|mainichi|毎日|every day|Adverb|Time|||748|||nichi|
maiasa, 毎朝, every morning, |maiasa|毎朝|every morning|Adverb|Time|||749||||
maiban, 毎晩, every evening, every night, |maiban|毎晩|every evening, every night|Adverb|Time|||750, 1410||||
konban, 今晩, tonight, this evening, |konban|今晩|tonight, this evening|Adverb|Time|||751, 1410||||
shuujitsu, 終日, all day, whole day|shuujitsu|終日|all day|Adverb|Time||||||whole day|
ichinichijuu, 一日中, all day long, throughout the day, nichi|ichinichijuu|一日中|all day long|Adverb|Time||||||throughout the day, nichi|
ichiya, 一夜, all night long, throughout the night|ichiya|一夜|all night long|Adverb|Time||||||throughout the night|
hitobanjuu, 一晩中, all night long, throughout the night|hitobanjuu|一晩中|all night long|Adverb|Time|||1303|||throughout the night|
ichinichi ichiya, 一日一夜, all day and night, for 24 hours, nichi|ichinichi ichiya|一日一夜|all day and night|Adverb|Time||||||for 24 hours, nichi|
senshuu, 先週, last week, |senshuu|先週|last week|Adverb|Time|||752||||
konshuu, 今週, this week, |konshuu|今週|this week|Adverb|Time|||753||||
raishuu, 来週, next week, |raishuu|来週|next week|Adverb|Time|||754||||
maishuu, 毎週, every week, |maishuu|毎週|every week|Adverb|Time|||755||||
sengetsu, 先月, last month, |sengetsu|先月|last month|Adverb|Time|||756||||
kongetsu, 今月, this month, |kongetsu|今月|this month|Adverb|Time|||757||||
raigetsu, 来月, next month, |raigetsu|来月|next month|Adverb|Time|||758||||
maitsuki, maigetsu, 毎月, every month, |maitsuki, maigetsu|毎月|every month|Adverb|Time|||758||||
nenrai, 年来, for some years, |nenrai|年来|for some years|Adverb|Time|||||||
kyonen, 去年, last year, |kyonen|去年|last year|Adverb|Time|||759||||
kotoshi, konnendo, 今年, 今年度, this year, |kotoshi, konnendo|今年, 今年度|this year|Adverb|Time|||760||||
rainen, 来年, next year, |rainen|来年|next year|Adverb|Time|||761||||
sarainen, 再来年, the year after next, rainen|sarainen|再来年|the year after next|Adverb|Time|||762|||rainen|
maitoshi, mainen, 毎年, every year, |maitoshi, mainen|毎年|every year|Adverb|Time|||763||||
ichinenjuu, 一年中, all year round, |ichinenjuu|一年中|all year round|Adverb|Time|||1303||||
tsuunen, 通年, all year, year round, |tsuunen|通年|all year, year round|Adverb|Time|||||||
nannichika, 何日か, on some date, nannichi|nannichika|何日か|on some date|Adverb|Time||||||nannichi|
nannichidemo, 何日でも, on any date, nannichi|nannichidemo|何日でも|on any date|Adverb|Time||||||nannichi|
nankaika, 何回か, a few times, nankai|nankaika|何回か|a few times|Adverb|Time||||||nankai|
dare, donata, 誰, どなた, who, |dare, donata|誰, どなた|who|Special|Interrogative||Use "dare" for normal form.|||||
||||Special|Interrogative||Use "donata" for polite form.|688||||
nanimono, 何者, who, what kind of person, |nanimono|何者|who, what kind of person|Special|Interrogative|||||||
nan, nani, 何, what, |nan, nani|何|what|Special|Interrogative|||689, 690||||
dore, dono, dochira, docchi, 何れ, 何の, 何方, which, |dore, dono, dochira, docchi|何れ, 何の, 何方|which|Special|Interrogative||Use "dono" for normal form.|691||||
||||Special|Interrogative||Use "dochira" for polite form.|||||
||||Special|Interrogative||Use "dore" for normal form.|692||||
donna, douiu, どんな, 如何いう, what kind of, |donna, douiu|どんな, 如何いう|what kind of|Special|Interrogative|||693||||
doko, dochira, docchi, izuko, 何処, 何方, where, |doko, dochira, docchi, izuko|何処, 何方|where|Special|Interrogative||Use "doko" for normal form.|694||||
||||Special|Interrogative||Use "dochira" for polite form.|||||
dou, ikaga, nanto, 如何, 如何, 何と, how, |dou, ikaga, nanto|如何, 如何, 何と|how|Special|Interrogative||Use "dou" in normal form, "kou" in reply to "dou".|695, 696||||
||||Special|Interrogative||Use "ikaga" for polite form.|697||||
||||Special|Interrogative||Use "to" in reply to "nanto".|698||||
nan, ikutsu, 何, 幾つ, how many, nanbonka, nankoka, nanmaika, nantsuka|nan, ikutsu|何, 幾つ|how many|Special|Interrogative||"itsu" usage.|699|||nanbonka, nankoka, nanmaika, nantsuka|
||||Special|Interrogative||"nan" + counter usage.|700||||
itsu, 何時, when, |itsu|何時|when|Special|Interrogative|||701||nanji, nanyoubi, nanshuu, nangetsu, nantoshi, nannichi||
nanji, 何時, what hour, what time, ji|nanji|何時|what hour, what time|Special|Interrogative|||702|||ji|
nanyoubi, 何曜日, what day, youbi|nanyoubi|何曜日|what day|Special|Interrogative||||||youbi|
nanshuu, 何週, what week, shuu|nanshuu|何週|what week|Special|Interrogative||||||shuu|
nangetsu, 何月, what month, getsu|nangetsu|何月|what month|Special|Interrogative||||||getsu|
nantoshi, 何年, what year, tochi|nantoshi|何年|what year|Special|Interrogative||||||tochi|
nannichi, 何日, what date, which day of the month, nichi|nannichi|何日|what date, which day of the month|Special|Interrogative|||703|||nichi|
ikura, 幾ら, how much, price|ikura|幾ら|how much|Special|Interrogative|Used mainly for money-related issues.||704|||price|
nankai, 何回, how many times, kai|nankai|何回|how many times|Special|Interrogative|||1427|||kai|
nanjikan, 何時間, how much time, |nanjikan|何時間|how much time|Special|Interrogative|||1429||||
nanto iu, 何という, name of an object or person, |nanto iu|何という|name of an object or person|Special|Interrogative|What is it called?||705||||
||||Special|Interrogative|What is X's name?||706, 698||||
doushite, 如何して, why, what for, how come, for what reason, in what way, for what purpose|doushite|如何して|why, what for, how come|Special|Interrogative|||707|||for what reason, in what way, for what purpose|
naze, naniyue, 何故, why, how come, what for, for what reason, in what way, for what purpose|naze, naniyue|何故|why, how come|Special|Interrogative||||||what for, for what reason, in what way, for what purpose|
nande, 何で, why, what for, for what reason, in what way, for what purpose|nande|何で|why, what for|Special|Interrogative||||||for what reason, in what way, for what purpose|
douiu, 如何いう, somehow, how, in what way, why, what kind of, |douiu|如何いう|somehow, how, in what way, why, what kind of|Special|Interrogative||Use "toiu" in reply to "douiu".|||||
